Date,PX_LAST,PX_VOLUME_x,NIFVIX,IN003M,PX_BID,PX_VOLUME_y,PX_ASK,PX_SPREAD
30-09-2024,24245.2,2690608118,0.127875,0.073,25986.15,327144,25990,3.85
27-09-2024,24489.55,4199366008,0.119625,0.0729,26345.4,191859,26346.35,0.95
26-09-2024,24496.9,3099807700,0.120025,0.073,26219.9,254868,26219.95,0.05
25-09-2024,24371.25,2928160510,0.127425,0.073,26003,189802,26005.25,2.25
24-09-2024,24389.7,2602542342,0.133925,0.073,25954.1,225409,25956,1.9
23-09-2024,24379.2,3569097464,0.13785,0.073,25915.2,250164,25916.9,1.7
20-09-2024,24193.8,4237233135,0.1279,0.073,25786.8,488293,25790.2,3.4
19-09-2024,23853.95,4513809169,0.1247,0.073,25502.3,303629,25506,3.7
17-09-2024,23969.9,1618088090,0.1259,0.0729,25446,109306,25447,1
16-09-2024,23968.2,1720978022,0.1246,0.0729,25434.55,144290,25434.8,0.25
13-09-2024,23928.2,2057818279,0.1255,0.0729,25367.2,174129,25369.05,1.85
12-09-2024,23907.35,2374006513,0.131825,0.0729,25335,434264,25339,4
11-09-2024,23531.25,2309011533,0.136275,0.0729,24948.2,196003,24948.95,0.75
10-09-2024,23643.65,2226529458,0.1336,0.0729,25097,241055,25097.9,0.9
09-09-2024,23502.15,2364876855,0.142375,0.0729,24991.3,213948,24993.3,2
06-09-2024,23477.7,3870422486,0.152175,0.0729,24909.4,416285,24909.45,0.05
05-09-2024,23762.8,2318080383,0.142075,0.0729,25234,156886,25236,2
04-09-2024,23748.9,2062019952,0.143775,0.0729,25251,221796,25253.15,2.15
03-09-2024,23788.45,1814621556,0.138425,0.0729,25341,129562,25344.85,3.85
02-09-2024,23760.7,2522873739,0.1406,0.0729,25335.55,204112,25338.3,2.75
30-08-2024,23734.55,7015024989,0.133925,0.0729,25395.1,222989,25398,2.9
29-08-2024,23631.4,2980429915,0.137875,0.0728,25155.65,273109,25156.3,0.65
28-08-2024,23615.95,2448862548,0.1395,0.0727,25055,214598,25056.45,1.45
27-08-2024,23604.85,2213030254,0.136325,0.0727,25002.65,168667,25009.5,6.85
26-08-2024,23561.75,1999428422,0.13795,0.0727,25045,206149,25045.5,0.5
23-08-2024,23418.65,2341184147,0.135525,0.0727,24854.5,142487,24861.7,7.2
22-08-2024,23440.7,2186317143,0.13,0.0727,24840,132026,24841,1
21-08-2024,23368.65,2234069180,0.133325,0.0727,24796.15,119193,24800,3.85
20-08-2024,23280.35,2172698945,0.1382,0.0727,24708,150366,24708.2,0.2
19-08-2024,23139.75,2133712110,0.14315,0.0727,24592,151933,24598,6
16-08-2024,23056.5,2045485207,0.144025,0.0727,24599,381625,24600,1
14-08-2024,22672.65,2357617612,0.15435,0.0726,24170.45,180341,24174,3.55
13-08-2024,22705.8,2758250421,0.161675,0.0726,24158.5,227964,24162.7,4.2
12-08-2024,22915.85,2532426776,0.158675,0.0726,24363,263966,24363.55,0.55
09-08-2024,22923.5,2111890945,0.15335,0.0725,24404,260013,24404.8,0.8
08-08-2024,22705.7,2438259599,0.166025,0.0726,24120,376292,24123.95,3.95
07-08-2024,22848.9,2459162870,0.1617,0.0726,24368,331278,24373.85,5.85
06-08-2024,22443.3,2700060868,0.187425,0.0726,24090,422172,24090.6,0.6
05-08-2024,22542.45,4019339380,0.203675,0.0727,24093,713540,24094.1,1.1
02-08-2024,23259.45,3092360383,0.1432,0.0728,24700,329256,24702.25,2.25
01-08-2024,23506.6,2921486076,0.1293,0.0728,25036.7,229057,25037,0.3
31-07-2024,23530.8,3214906956,0.1325,0.0728,25032.25,164889,25033,0.75
30-07-2024,23440.9,2998713350,0.1288,0.0729,24932.5,211184,24935.45,2.95
29-07-2024,23394.2,3610725502,0.12945,0.0728,24922,281192,24922.55,0.55
26-07-2024,23292.05,3452517187,0.122475,0.0729,24915,409727,24923.35,8.35
24-07-2024,22921.45,3151242673,0.117625,0.0729,24420.25,315393,24425,4.75
23-07-2024,22865.2,4563155207,0.127475,0.073,24452.95,535506,24453,0.05
22-07-2024,22942.65,2960904216,0.154375,0.073,24516.9,235289,24516.95,0.05
19-07-2024,22853.6,3021861091,0.14825,0.073,24528.25,320221,24529.9,1.65
18-07-2024,23210.05,3562225671,0.1451,0.0729,24808,377529,24811.25,3.25
16-07-2024,23204.25,3433520204,0.142225,0.0729,24636,130886,24642.45,6.45
15-07-2024,23209.85,3431429146,0.141875,0.0729,24622.05,133595,24623.95,1.9
12-07-2024,23095.45,3536966325,0.13725,0.073,24525,260938,24529,4
11-07-2024,23005.25,3376625661,0.13995,0.073,24402.25,231355,24406,3.75
09-07-2024,23067.35,3256181171,0.1428,0.0729,24478.3,146868,24484.95,6.65
08-07-2024,22971.15,3703429691,0.136,0.073,24374,130096,24379.9,5.9
05-07-2024,22987.65,4125904647,0.12695,0.073,24386,230381,24388.1,2.1
04-07-2024,22914.2,3070438123,0.12855,0.0729,24375,196993,24375.2,0.2
03-07-2024,22851.2,3147581494,0.13205,0.0729,24365,210056,24365.1,0.1
02-07-2024,22677.8,2902278584,0.1364,0.0729,24210.3,211888,24210.9,0.6
01-07-2024,22727.6,2754975054,0.1383,0.0729,24212,163209,24218.1,6.1
28-06-2024,22559.7,4300793170,0.138025,0.0731,24131,284644,24132.15,1.15
27-06-2024,22537.4,4298989006,0.141525,0.0731,24047.1,306976,24047.6,0.5
26-06-2024,22436.8,3830080666,0.14045,0.0732,23856,228932,23862.1,6.1
25-06-2024,22370.65,2647422434,0.143125,0.073,23735,254050,23735.2,0.2
24-06-2024,22289.1,3220275933,0.140575,0.073,23552.35,259606,23555,2.65
21-06-2024,22236.2,4820720134,0.1318,0.073,23460.05,301184,23466,5.95
20-06-2024,22305.1,3470265929,0.13345,0.0729,23592.25,222217,23597.9,5.65
19-06-2024,22224.9,5221059451,0.137125,0.073,23492.75,312950,23499.95,7.2
18-06-2024,22329.6,3239115179,0.12965,0.0731,23570,160903,23573,3
14-06-2024,22214.3,3423138435,0.128225,0.073,23456.55,181496,23457.1,0.55
13-06-2024,22074.3,3119002321,0.134875,0.0729,23395,205751,23397,2
12-06-2024,21960.95,3547255322,0.143875,0.073,23358.05,236735,23360,1.95
11-06-2024,21852,4474509649,0.14765,0.073,23312.65,231449,23315.4,2.75
10-06-2024,21808.25,3708562255,0.163975,0.073,23231.1,310009,23236,4.9
07-06-2024,21764.15,3728221614,0.168825,0.0729,23334.15,517101,23339.9,5.75
06-06-2024,21365,3836693455,0.168,0.0729,22933,613773,22933.8,0.8
05-06-2024,21054.4,5521353106,0.18885,0.0729,22582.2,785272,22598.7,16.5
04-06-2024,20323.85,9292932794,0.267475,0.0729,21967.8,1615661,21975.5,7.7
03-06-2024,21797.4,5205916071,0.209375,0.0728,23445,561462,23450,5
31-05-2024,21103.3,6422818788,0.246025,0.0729,22699,525192,22703.85,4.85
30-05-2024,21038.55,3528931646,0.24175,0.0729,22487.15,241362,22489.8,2.65
29-05-2024,21256.3,2528100147,0.24175,0.0729,22731,280759,22733,2
28-05-2024,21387.35,2846079137,0.24195,0.0729,22926,198257,22931,5
27-05-2024,21493,3597182686,0.231925,0.0729,23001.1,231983,23006,4.9
24-05-2024,21483.75,5235852004,0.2171,0.073,23015.5,219961,23024.5,9
22-05-2024,21237.75,2968295743,0.214675,0.0731,22666.55,145086,22671.9,5.35
21-05-2024,21187.65,3541801901,0.2181,0.0731,22590.15,185970,22598.35,8.2
17-05-2024,21064.55,2674258575,0.197975,0.073,22508,198597,22511.2,3.2
16-05-2024,20929.05,2468004009,0.19995,0.0729,22473.05,554977,22473.25,0.2
15-05-2024,20741.85,2168807435,0.202725,0.0729,22277.25,217207,22280.7,3.45
14-05-2024,20683.8,2613657232,0.20195,0.073,22312,266745,22314,2
13-05-2024,20511,2403861861,0.206,0.073,22224.25,341795,22225,0.75
10-05-2024,20469.1,2251112716,0.184725,0.073,22127.05,286527,22128,0.95
09-05-2024,20344.8,2629593512,0.182,0.073,22071,465931,22072.85,1.85
08-05-2024,20704.9,2700523845,0.1708,0.0729,22392.85,299555,22395,2.15
07-05-2024,20636.05,3745388966,0.170075,0.0728,22375.2,280721,22381,5.8
06-05-2024,20864.95,3088823169,0.166,0.0727,22558,239700,22563.25,5.25
03-05-2024,20959.55,4063049939,0.146175,0.0728,22551.5,438242,22558.75,7.25
02-05-2024,21083.6,3285590029,0.13445,0.073,22779.95,192043,22780.45,0.5
30-04-2024,20997.2,3682351577,0.1287,0.073,22701.05,220124,22707.8,6.75
29-04-2024,20992.2,4106537293,0.12235,0.073,22745.15,230568,22750,4.85
26-04-2024,20839.35,6609930870,0.10925,0.0731,22575,249718,22576.45,1.45
25-04-2024,20867.9,10777793802,0.1073,0.0731,22574.05,189252,22574.85,0.8
24-04-2024,20730.65,3698759237,0.10275,0.073,22420.45,111041,22423.8,3.35
23-04-2024,20652.65,4892690439,0.10195,0.0729,22353,97461,22354.95,1.95
22-04-2024,20574.85,3699091927,0.127,0.0729,22393.3,117528,22398.9,5.6
19-04-2024,20385.2,2718366244,0.134575,0.0728,22123,248988,22126.7,3.7
18-04-2024,20324.7,2963788705,0.1304,0.0728,22080.9,270313,22080.95,0.05
16-04-2024,20423,3114134468,0.12615,0.0728,22211,157026,22211.65,0.65
15-04-2024,20478.75,3195294477,0.124675,0.0729,22357.4,179625,22364.9,7.5
12-04-2024,20745.5,3259798445,0.115325,0.073,22602.5,170291,22606.1,3.6
10-04-2024,20915.2,2571997470,0.111075,0.073,22803,79696,22804.25,1.25
08-04-2024,20819.1,2748171184,0.1161,0.0729,22750,109833,22752,2
05-04-2024,20715.1,2829777044,0.113375,0.0729,22609,86817,22611.85,2.85
04-04-2024,20664.65,3312201717,0.1122,0.073,22635,218360,22638,3
03-04-2024,20605.7,3025903603,0.113725,0.0732,22546.9,125588,22549.95,3.05
02-04-2024,20569.75,2812875267,0.116525,0.0738,22575.15,83787,22577.9,2.75
28-03-2024,20255.15,2575774679,0.128325,0.0748,22327.05,163349,22328.5,1.45
27-03-2024,20087.8,2821941113,0.127025,0.0744,22193,118439,22194,1
26-03-2024,20005.25,2342861791,0.1282,0.0744,22096,131913,22096.6,0.6
22-03-2024,19994.6,2601590005,0.1222,0.0745,22155,169540,22155.9,0.9
21-03-2024,19897.4,2205657684,0.125125,0.074,22118.9,133047,22120,1.1
20-03-2024,19632.05,2152106925,0.134725,0.074,21917,137718,21919,2
19-03-2024,19610.55,2128707541,0.141125,0.0739,21881.3,152613,21883,1.7
18-03-2024,19843.1,2242840601,0.13895,0.0737,22132,118534,22134,2
15-03-2024,19825.2,4157467749,0.1369,0.0735,22118.85,179780,22120.25,1.4
14-03-2024,19916.35,3824941788,0.136225,0.0732,22257.3,178685,22258.65,1.35
13-03-2024,19646.3,4148646418,0.144325,0.0733,22070.05,229024,22076.45,6.4
12-03-2024,20171.4,2434750501,0.136375,0.0735,22437,122450,22440,3
11-03-2024,20288.75,2281689016,0.13995,0.0737,22408,124034,22408.8,0.8
07-03-2024,20434.8,2434634823,0.136125,0.0735,22535.4,106179,22539.8,4.4
06-03-2024,20379.55,3554796977,0.14295,0.0733,22602,187651,22602.9,0.9
05-03-2024,20382,2710712112,0.1438,0.0733,22436.95,124564,22438.45,1.5
04-03-2024,20432.05,2541259609,0.149225,0.0734,22500.8,75588,22500.95,0.15
01-03-2024,20349.8,2820288533,0.15235,0.0734,22451.25,180557,22452.2,0.95
29-02-2024,20090.05,4894904342,0.155725,0.0735,21983.4,143145,21985.7,2.3
28-02-2024,20020.4,3851293884,0.1633,0.0736,21895.3,147189,21896,0.7
27-02-2024,20292.85,2851313136,0.157275,0.0736,22194,123409,22194.5,0.5
26-02-2024,20255.8,2815171234,0.156,0.0736,22139.05,119614,22145,5.95
23-02-2024,20313.5,3983564647,0.149725,0.0735,22217,120520,22222,5
22-02-2024,20283.95,3174404190,0.151975,0.0734,22261.2,206565,22267.95,6.75
21-02-2024,20128.3,3136478294,0.159275,0.0734,22035,133217,22040.2,5.2
20-02-2024,20271.9,2683292892,0.160725,0.0736,22228.2,117158,22232.5,4.3
16-02-2024,20164.9,3105938792,0.152225,0.0736,22086.05,108026,22089.5,3.45
15-02-2024,20037,3540748825,0.15225,0.0736,22013.15,164763,22016,2.85
14-02-2024,19922.3,3452460056,0.15435,0.0738,21923,185897,21925,2
13-02-2024,19782.9,3926949914,0.158075,0.0739,21814.95,138222,21816.75,1.8
12-02-2024,19675.2,4040128867,0.160625,0.0739,21696,134426,21700,4
09-02-2024,19961.5,5412702219,0.154475,0.0739,21839,151304,21849,10
08-02-2024,19987.55,5597812747,0.158275,0.0739,21826.8,218972,21829.5,2.7
07-02-2024,20109.55,5801832023,0.15505,0.0737,22018.95,132898,22020,1.05
06-02-2024,20033.75,4596317890,0.15785,0.0734,22000.7,129365,22001.85,1.15
05-02-2024,19853.5,5177883732,0.156175,0.0734,21785.15,158291,21789,3.85
02-02-2024,19910.8,4994606315,0.146975,0.0736,21952,236827,21959,7
01-02-2024,19777.35,4212858467,0.14455,0.0736,21741,180971,21742.1,1.1
31-01-2024,19802.1,3599211184,0.160475,0.0736,21785,146625,21786.45,1.45
30-01-2024,19574.2,3966485047,0.161025,0.0736,21623.5,163520,21625.05,1.55
29-01-2024,19711.65,4154055990,0.1568,0.0737,21875.1,181214,21881,5.9
25-01-2024,19393,3856360301,0.13865,0.0735,21351.85,145154,21354,2.15
24-01-2024,19451,4176952727,0.14375,0.0735,21487,213430,21488.9,1.9
23-01-2024,19206.45,4475907765,0.148525,0.0737,21202.5,252641,21204,1.5
19-01-2024,19606.4,3753898573,0.138775,0.0735,21675,125832,21677.95,2.95
18-01-2024,19414.8,3717800632,0.1407,0.0733,21548.1,227826,21549.95,1.85
17-01-2024,19487.6,4149082169,0.1508,0.073,21585,229664,21587.5,2.5
16-01-2024,19827.55,4145496111,0.135725,0.0731,22025.75,103215,22027,1.25
15-01-2024,19885.55,3512194587,0.13785,0.0731,22140.35,103458,22140.5,0.15
12-01-2024,19745.6,3100898911,0.131,0.073,21973,150912,21974,1
11-01-2024,19584.35,3371843146,0.127675,0.073,21689.8,113071,21690.95,1.15
10-01-2024,19517.85,3610350019,0.1297,0.073,21720,139789,21721,1
09-01-2024,19459.55,3705263366,0.132625,0.073,21628.8,158139,21629.85,1.05
08-01-2024,19417.7,3520384583,0.134625,0.073,21568,145034,21571.95,3.95
05-01-2024,19590.6,4035259186,0.1263,0.0729,21785,135030,21785.7,0.7
04-01-2024,19541.25,3245969708,0.1333,0.0729,21806.2,121774,21810,3.8
03-01-2024,19367.15,3635632781,0.140975,0.0729,21597.2,135616,21598,0.8
02-01-2024,19418.4,4059867523,0.1458,0.0729,21752.9,167847,21754,1.1
01-01-2024,19469.5,4273816051,0.1468,0.0728,21830,109309,21830.15,0.15
29-12-2023,19429.15,4243114147,0.145025,0.0729,21861.05,127070,21865,3.95
28-12-2023,19399.25,3239161862,0.1514,0.0728,21780.75,135417,21781,0.25
27-12-2023,19296.95,2085427238,0.155575,0.0727,21687,141482,21690,3
26-12-2023,19148.85,2213225409,0.146775,0.0727,21499.15,131234,21499.4,0.25
22-12-2023,19054.7,2606979408,0.137075,0.0727,21385.5,166585,21392.3,6.8
21-12-2023,18941.8,3061283261,0.137575,0.0727,21377,196078,21378.5,1.5
20-12-2023,18779.45,3869629465,0.1445,0.0727,21174.9,217416,21175,0.1
19-12-2023,19169.25,2952383513,0.138675,0.0727,21529,125220,21529.95,0.95
18-12-2023,19155.55,3411935390,0.139,0.0726,21462.4,98023,21466,3.6
15-12-2023,19145.05,4026737741,0.131275,0.0725,21558.2,149664,21561.9,3.7
14-12-2023,18973.85,3964170290,0.1232,0.0726,21349,163196,21354,5
13-12-2023,18751.45,2980124262,0.12065,0.0725,21035.8,129598,21039.9,4.1
12-12-2023,18686.8,3315095173,0.127125,0.0725,21008,89183,21009.75,1.75
11-12-2023,18770.2,2910999327,0.127575,0.0725,21077.55,78735,21079.75,2.2
08-12-2023,18703.5,3554209377,0.1247,0.0724,21090.2,131702,21095,4.8
07-12-2023,18703.85,3279324297,0.126725,0.0724,21033.85,101648,21036.2,2.35
06-12-2023,18680,2728901593,0.1374,0.0724,21040.1,123372,21045.75,5.65
05-12-2023,18588.55,2852550634,0.134575,0.0724,20953.9,131822,20954,0.1
04-12-2023,18448.5,2948071842,0.129925,0.0723,20803.5,146319,20804.6,1.1
01-12-2023,18115.35,2479015512,0.123825,0.0724,20360.9,106287,20361.4,0.5
30-11-2023,17987.95,4614613613,0.1269,0.0725,20132.25,135818,20134,1.75
29-11-2023,17904.1,2241826737,0.127075,0.0724,20140.3,118269,20143,2.7
28-11-2023,17741.8,2261323567,0.12175,0.0724,19953,105973,19953.65,0.65
24-11-2023,17643.5,1805583186,0.1133,0.0724,19825.35,63650,19827.95,2.6
23-11-2023,17639.4,1688922649,0.11315,0.0724,19875.05,77037,19875.5,0.45
22-11-2023,17627.7,1813913168,0.11865,0.0723,19887.3,81891,19890,2.7
21-11-2023,17627.6,2017504083,0.122325,0.0723,19839.5,74641,19840.45,0.95
20-11-2023,17573.65,2184320622,0.121475,0.0723,19748,72335,19750,2
17-11-2023,17600.5,2971852562,0.118275,0.0723,19798,78671,19804.7,6.7
16-11-2023,17593.1,2235488454,0.116475,0.0723,19834.4,133013,19834.95,0.55
15-11-2023,17508.05,2778717630,0.11135,0.0723,19722,122153,19723.6,1.6
13-11-2023,17318.6,2274406863,0.111875,0.0723,19488.05,56581,19493,4.95
10-11-2023,17256.6,1653305196,0.111075,0.0723,19500.2,98682,19504.95,4.75
09-11-2023,17218.9,2149701076,0.109825,0.0722,19476,84124,19479.8,3.8
08-11-2023,17259.7,2311203629,0.110375,0.0722,19488,70863,19490,2
07-11-2023,17187.8,2161944906,0.111925,0.0721,19480.05,85411,19480.3,0.25
06-11-2023,17159.4,1889030684,0.11105,0.0721,19483.6,103633,19485.3,1.7
03-11-2023,17000.95,2448308159,0.108825,0.0722,19296,99737,19301.85,5.85
02-11-2023,16890.8,2235651847,0.11075,0.0721,19248.2,151510,19249.3,1.1
01-11-2023,16732.95,2394602492,0.120475,0.0722,19054,100474,19055,1
31-10-2023,16801.1,1845557225,0.11825,0.0721,19165,125003,19167.1,2.1
30-10-2023,16826.1,2056337293,0.1149,0.0721,19228,121659,19234.3,6.3
27-10-2023,16765.45,2144661835,0.10905,0.0721,19144,121503,19145,1
26-10-2023,16555.45,2559209601,0.1173,0.0721,18855.75,134122,18859,3.25
25-10-2023,16760.8,2453603647,0.113125,0.0721,19129.25,176093,19130,0.75
23-10-2023,16888.7,2543981305,0.10905,0.0721,19260,116098,19262.8,2.8
20-10-2023,17208.75,2592838352,0.108175,0.072,19524.5,75889,19527,2.5
19-10-2023,17310.5,2047701985,0.108975,0.0719,19616.2,116100,19619.75,3.55
18-10-2023,17344,2315592981,0.10965,0.0719,19666.2,100198,19669.4,3.2
17-10-2023,17467.7,2188920330,0.10695,0.0718,19806.05,69732,19808,1.95
16-10-2023,17393,2160925926,0.1107,0.0718,19730.5,75101,19732,1.5
13-10-2023,17390.35,2275987382,0.106175,0.0717,19732.2,114639,19734,1.8
12-10-2023,17419.7,2136741693,0.106175,0.0717,19841.5,83809,19842.05,0.55
11-10-2023,17407.35,2194642171,0.10985,0.0716,19850,94632,19851.8,1.8
10-10-2023,17303.35,2004738414,0.1127,0.0716,19745,99715,19746,1
09-10-2023,17127.7,2336945710,0.114,0.0716,19522,105864,19529.35,7.35
06-10-2023,17293.6,2240986830,0.103,0.0716,19686.75,100542,19689.8,3.05
05-10-2023,17195.8,2478393398,0.1094,0.0717,19565,134410,19568.5,3.5
04-10-2023,17123.1,2995745776,0.11655,0.0717,19476,125122,19477.2,1.2
03-10-2023,17254.4,2473844599,0.117875,0.0718,19563.1,108306,19563.35,0.25
29-09-2023,17292.6,2128945938,0.114525,0.0719,19711.05,145026,19717.85,6.8
28-09-2023,17170.45,2924755808,0.128225,0.0717,19522.9,131488,19525,2.1
27-09-2023,17341.6,2419655507,0.11585,0.0717,19719.35,116186,19724.8,5.45
26-09-2023,17276.75,2387174771,0.11185,0.0716,19665,78080,19666,1
25-09-2023,17272.55,2341597646,0.109,0.0715,19699.05,124504,19704.55,5.5
22-09-2023,17260.8,3034806980,0.1066,0.0716,19705,113657,19710.1,5.1
21-09-2023,17303.5,2882275073,0.108175,0.0716,19763.25,166836,19769.85,6.6
20-09-2023,17449.35,3096785738,0.111275,0.0715,19967,135076,19972.5,5.5
18-09-2023,17613.6,4463929137,0.10835,0.0715,20169.3,67382,20173.7,4.4
15-09-2023,17665.8,4139215405,0.109025,0.0715,20242.8,77744,20245,2.2
14-09-2023,17603.5,2950886983,0.113175,0.0714,20187,133266,20187.45,0.45
13-09-2023,17526.75,3477337990,0.118275,0.0714,20126,88689,20129.6,3.6
12-09-2023,17460.55,4434063514,0.1169,0.0714,20035.55,137726,20037.3,1.75
11-09-2023,17653.35,3717256390,0.113475,0.0714,20046.05,90088,20049.5,3.45
08-09-2023,17487.45,2991394084,0.1078,0.0714,19873.95,101422,19875,1.05
07-09-2023,17385.5,2721652402,0.108725,0.0714,19767.05,125719,19767.9,0.85
06-09-2023,17284.6,3048670194,0.106775,0.0712,19665,108385,19665.2,0.2
05-09-2023,17252.1,3770276315,0.10815,0.0714,19650,73254,19650.3,0.3
04-09-2023,17180.95,4456744993,0.109625,0.0715,19614.35,80046,19614.45,0.1
01-09-2023,17074.55,3986137682,0.11365,0.0717,19518,116553,19519.5,1.5
31-08-2023,16924.3,3889520050,0.120625,0.0717,19252.95,117738,19255,2.05
30-08-2023,16968.95,2247531529,0.118,0.0719,19336,110017,19340,4
29-08-2023,16927.3,2514035480,0.12225,0.072,19345.6,99552,19349.1,3.5
28-08-2023,16875.3,2442612427,0.123975,0.0721,19314.55,106263,19315.05,0.5
25-08-2023,16820.85,2505024001,0.120825,0.0721,19223.8,130106,19223.9,0.1
24-08-2023,16930.15,2414350939,0.117,0.0721,19390,124939,19394.5,4.5
23-08-2023,16950.25,2283721450,0.117275,0.0721,19431.9,80992,19433,1.1
22-08-2023,16905.25,2251650519,0.117475,0.0721,19381.2,61454,19388.95,7.75
21-08-2023,16852.05,1765280807,0.1196,0.0721,19399.95,117457,19400,0.05
18-08-2023,16757.7,1900554888,0.121425,0.0718,19315,127437,19316.2,1.2
17-08-2023,16802.25,2047876548,0.1224,0.072,19384,102232,19385,1
14-08-2023,16825.55,2026872232,0.11995,0.0717,19471.2,115640,19474.95,3.75
11-08-2023,16860.15,2276878605,0.115225,0.0718,19501.2,99593,19501.9,0.7
10-08-2023,16939.85,2345387214,0.114,0.0716,19598,133423,19601.5,3.5
09-08-2023,17003.85,2114893521,0.1114,0.0715,19693,111410,19693.25,0.25
08-08-2023,16949.25,2399041473,0.11325,0.0715,19607,73801,19609,2
07-08-2023,16956.35,2250347796,0.111025,0.0715,19664,87313,19668,4
04-08-2023,16890.6,2629070134,0.105725,0.0715,19573,137213,19573.2,0.2
03-08-2023,16772.3,2549861704,0.11185,0.0714,19469,182824,19472,3
02-08-2023,16858.95,2424633039,0.112775,0.0714,19585.15,164328,19586,0.85
01-08-2023,17051.15,2330929365,0.102825,0.0715,19810.3,75668,19812,1.7
31-07-2023,17059,2443437779,0.104125,0.0716,19835,96633,19837,2
28-07-2023,16948.35,2068537403,0.10135,0.0716,19733.25,134756,19733.3,0.05
27-07-2023,16919.2,2480267426,0.105125,0.0714,19658.3,137340,19658.7,0.4
26-07-2023,16975,2313615545,0.104575,0.0715,19772.1,101031,19775,2.9
25-07-2023,16896.9,2288030595,0.102425,0.0715,19695,105261,19697.8,2.8
24-07-2023,16865.15,2884005031,0.116525,0.0715,19681.45,121075,19686,4.55
21-07-2023,16904.3,2357193179,0.11485,0.0716,19806.55,148418,19807.35,0.8
20-07-2023,17042.55,2161658589,0.11785,0.0716,19965.45,129058,19970,4.55
19-07-2023,16953.5,1986823416,0.116,0.0714,19869.05,99387,19870,0.95
18-07-2023,16872,1999927821,0.1171,0.0714,19773,111590,19773.8,0.8
17-07-2023,16872.05,2046140692,0.11315,0.0714,19729.5,93921,19730,0.5
14-07-2023,16765.45,1682715568,0.106825,0.0713,19623.3,123979,19624,0.7
13-07-2023,16623.9,2156371037,0.109375,0.0712,19498.35,132220,19498.8,0.45
12-07-2023,16641.05,2112460179,0.10935,0.0713,19460,86395,19462.05,2.05
11-07-2023,16648,1975167201,0.110125,0.0715,19515.6,94313,19517.3,1.7
10-07-2023,16553.75,1783766154,0.114625,0.0715,19425,90126,19425.8,0.8
07-07-2023,16564.9,2179409905,0.115325,0.0715,19386.5,154646,19392.1,5.6
06-07-2023,16695.05,2484573474,0.1184,0.0715,19534,103977,19538.65,4.65
05-07-2023,16597.2,2338449818,0.118825,0.0715,19478.1,78180,19480.4,2.3
04-07-2023,16556.05,2894619267,0.117,0.0715,19454.7,110434,19459,4.3
03-07-2023,16527.95,2214334272,0.1154,0.0717,19411,120112,19412,1
30-06-2023,16430,2166308403,0.108,0.0719,19266.2,110566,19270.8,4.6
28-06-2023,16277.2,2074196615,0.108875,0.0719,18972.05,127163,18975.55,3.5
27-06-2023,16163.5,1483210926,0.107775,0.0718,18815,112904,18815.6,0.6
26-06-2023,16066.15,1333429586,0.11395,0.0717,18717,91687,18718,1
23-06-2023,16011.8,1506669030,0.11235,0.0716,18700.15,129582,18701,0.85
22-06-2023,16140.8,1797214371,0.115475,0.0715,18835.05,138764,18836.85,1.8
21-06-2023,16240.95,1856155156,0.112925,0.0716,18895,87799,18899.95,4.95
20-06-2023,16199.95,1693230829,0.111325,0.0717,18877,119062,18878,1
19-06-2023,16142.15,1733307501,0.11225,0.0718,18840,101156,18840.4,0.4
16-06-2023,16181.45,2041483387,0.1084,0.0718,18893.05,138269,18896.3,3.25
15-06-2023,16058.25,1704333560,0.1108,0.0717,18738.75,128096,18740.05,1.3
14-06-2023,16084.05,2015539570,0.111625,0.0717,18808,72677,18809.5,1.5
13-06-2023,16048.2,1912195427,0.1111,0.0716,18775.3,77130,18775.9,0.6
12-06-2023,15929.1,1724896174,0.11245,0.0717,18690.4,77232,18691,0.6
09-06-2023,15877.4,1899276576,0.1112,0.0719,18627,112038,18630,3
08-06-2023,15921.05,2368758781,0.112575,0.0718,18720.9,127088,18722,1.1
07-06-2023,16006.7,3113275842,0.114425,0.0716,18800,98563,18800.2,0.2
06-06-2023,15878.4,1727390352,0.1138,0.0714,18682.05,101782,18683.95,1.9
05-06-2023,15859.5,1791195201,0.111375,0.0713,18701.05,72121,18702,0.95
02-06-2023,15811.2,1850573049,0.11125,0.0715,18632,120158,18633.9,1.9
01-06-2023,15760.35,1756679554,0.115975,0.0714,18570,101446,18575,5
31-05-2023,15766.4,3452749071,0.119725,0.0714,18622,131409,18626.55,4.55
30-05-2023,15799.45,1635985520,0.1201,0.0715,18720,76571,18722.4,2.4
29-05-2023,15772.35,1756015406,0.122975,0.0714,18672,110383,18674.9,2.9
26-05-2023,15696.75,1555177362,0.119,0.0714,18570.2,144445,18571.55,1.35
25-05-2023,15555.25,1791622184,0.1252,0.0715,18324.3,120043,18324.5,0.2
24-05-2023,15515.95,1759580440,0.131125,0.0716,18300.25,134373,18301.05,0.8
23-05-2023,15544.75,1488312608,0.12605,0.0717,18358.4,98625,18359,0.6
22-05-2023,15504,1699231413,0.1257,0.0718,18323.2,119807,18324.9,1.7
19-05-2023,15407.55,1395762636,0.123025,0.0719,18230,130544,18231,1
18-05-2023,15361.6,1592850492,0.12795,0.0722,18180.05,106568,18180.3,0.25
17-05-2023,15426.35,1708197616,0.13105,0.0723,18231.05,160110,18232.2,1.15
16-05-2023,15492.4,1781795091,0.132925,0.0724,18325.1,98538,18326,0.9
15-05-2023,15549.7,1356782540,0.131725,0.0724,18408,104282,18411.45,3.45
12-05-2023,15477.35,1349788055,0.128525,0.0724,18332,122938,18332.05,0.05
11-05-2023,15484.05,1597885320,0.13215,0.0724,18356,100768,18359,3
10-05-2023,15466.05,1633267598,0.130825,0.0724,18342.85,95120,18342.95,0.1
09-05-2023,15420.6,1814858069,0.126775,0.0724,18304.55,96751,18305,0.45
08-05-2023,15427.1,1756137824,0.12635,0.0723,18317.15,121084,18319.8,2.65
04-05-2023,15405.5,2225528343,0.117325,0.0723,18283.55,118446,18287,3.45
03-05-2023,15276.4,2173389670,0.1184,0.0722,18144,135798,18147.2,3.2
02-05-2023,15300.75,2179365847,0.118975,0.0721,18202,114511,18204.75,2.75
28-04-2023,15219.55,2188831896,0.109475,0.0722,18112.15,126397,18117.6,5.45
27-04-2023,15075.05,1984708561,0.11425,0.0721,17914.65,141244,17918.75,4.1
26-04-2023,14994.4,2112793930,0.116525,0.0721,17821.5,130470,17822.3,0.8
25-04-2023,14955.7,1999033807,0.1152,0.0722,17776,120785,17776.3,0.3
24-04-2023,14930.15,1560387154,0.116675,0.0721,17767.4,190742,17768.95,1.55
21-04-2023,14847.1,1446496246,0.1163,0.0721,17647.35,122139,17650.85,3.5
20-04-2023,14861.75,1113305115,0.1194,0.0719,17655,103613,17659.6,4.6
19-04-2023,14856.9,1465719425,0.121525,0.072,17642.75,101526,17645.3,2.55
18-04-2023,14897,1588353060,0.12075,0.0722,17709.05,124181,17710.1,1.05
17-04-2023,14904.3,1396018912,0.12265,0.0721,17751,170474,17751.35,0.35
13-04-2023,14954.25,1296251187,0.119075,0.0721,17883.3,136172,17884,0.7
12-04-2023,14941.55,1196592192,0.122725,0.0722,17859.5,115014,17863.8,4.3
11-04-2023,14867.25,1244492478,0.11975,0.0723,17787,126850,17789,2
10-04-2023,14790.55,1206322523,0.122725,0.0726,17677,106607,17678,1
06-04-2023,14759.2,1301693047,0.117975,0.0732,17650.2,157311,17650.6,0.4
05-04-2023,14709.4,1345237378,0.124125,0.0734,17625,157214,17626.95,1.95
03-04-2023,14601.95,1382486174,0.12585,0.0738,17470.3,124446,17474.95,4.65
31-03-2023,14557.85,1744273854,0.12935,0.0744,17440.35,172665,17442.25,1.9
29-03-2023,14345.6,1955709926,0.136275,0.0742,17081,245279,17081.2,0.2
28-03-2023,14211.8,1461524983,0.151,0.0736,16977.05,169371,16980,2.95
27-03-2023,14262.7,1481559192,0.15445,0.0736,17024.55,216833,17028.1,3.55
24-03-2023,14279,1396048977,0.1524,0.0736,16938,164312,16940,2
23-03-2023,14403.6,1162234148,0.1449,0.0737,17077,175746,17081.95,4.95
21-03-2023,14411.3,1329388698,0.150825,0.0738,17165,138054,17168.75,3.75
20-03-2023,14317.1,1617972972,0.160075,0.0739,17037,233228,17040,3
17-03-2023,14420.85,2335798763,0.147675,0.0738,17189,240653,17194.9,5.9
16-03-2023,14330.35,2166814560,0.162175,0.0737,17070,230742,17071,1
15-03-2023,14320.3,1386568459,0.16295,0.0735,17026.55,184755,17027.55,1
14-03-2023,14358.55,1541520782,0.162175,0.0735,17138.35,266253,17140,1.65
13-03-2023,14454.45,1820012428,0.16215,0.0735,17220,272887,17226.95,6.95
10-03-2023,14679.85,1254042243,0.134125,0.0733,17449.6,180468,17454.7,5.1
09-03-2023,14803.95,1337603327,0.12725,0.0732,17638.2,149952,17640,1.8
08-03-2023,14921.95,1383638204,0.1245,0.0731,17796,145243,17796.8,0.8
06-03-2023,14881,1618596616,0.122675,0.073,17776.2,137918,17776.5,0.3
03-03-2023,14774.75,1831401257,0.1218,0.0729,17661.45,220362,17661.5,0.05
02-03-2023,14587.25,1559920347,0.1297,0.0729,17387.8,185930,17390,2.2
01-03-2023,14664.85,1609704691,0.12995,0.0725,17538.95,130151,17539.8,0.85
28-02-2023,14518.75,2038552537,0.1402,0.0724,17406.05,182203,17411.5,5.45
27-02-2023,14548.7,1359792443,0.13875,0.0723,17508,173295,17510.05,2.05
24-02-2023,14630.45,1443460554,0.14185,0.0725,17560.2,145816,17561,0.8
23-02-2023,14666.75,1738279069,0.15075,0.0721,17510,169247,17510.5,0.5
22-02-2023,14701.9,1445331515,0.155875,0.0721,17566.2,151411,17569.95,3.75
21-02-2023,14913.95,1362135509,0.140075,0.072,17848.05,149445,17851,2.95
20-02-2023,14938.65,1487039164,0.133825,0.072,17865.55,139568,17867.9,2.35
17-02-2023,15003.95,1183806448,0.13085,0.0715,17953.2,146049,17955,1.8
16-02-2023,15083.75,1262808878,0.1289,0.0714,18055,122423,18057.35,2.35
15-02-2023,15039.65,1261216093,0.1286,0.0713,18039.3,130434,18043.35,4.05
14-02-2023,14968.9,1317351612,0.134525,0.0714,17941.4,144191,17945.95,4.55
13-02-2023,14900.5,1389238443,0.1368,0.0716,17799.1,128903,17800.05,0.95
10-02-2023,15015.85,1567464644,0.12745,0.0719,17869,133266,17870,1
09-02-2023,15030.1,1569293387,0.1304,0.0719,17958.7,129171,17959.1,0.4
08-02-2023,15028.3,1730153256,0.13595,0.0712,17908.6,162435,17908.65,0.05
07-02-2023,14902.2,1680002570,0.14125,0.07,17780.35,159230,17780.75,0.4
06-02-2023,14934.15,2178288360,0.146875,0.0699,17792.75,143908,17795,2.25
03-02-2023,14962.35,2022624131,0.143975,0.0698,17875.05,208910,17878.85,3.8
02-02-2023,14839.4,2056905928,0.157325,0.0697,17667.05,215473,17678.9,11.85
01-02-2023,14847.65,2638250569,0.1678,0.0697,17659.3,422514,17665,5.7
31-01-2023,14935.5,2135709658,0.16875,0.0699,17795,211876,17799,4
30-01-2023,14854.2,2176673692,0.1771,0.0698,17742.85,247894,17746.05,3.2
27-01-2023,14874.75,2361981912,0.1732,0.0696,17694.05,273547,17695,0.95
25-01-2023,15171.95,1796456426,0.14655,0.0696,17890.85,186326,17892,1.15
24-01-2023,15388.55,1385162036,0.136575,0.0695,18117.75,126828,18119,1.25
23-01-2023,15403.2,1746351498,0.136175,0.0693,18145.15,132851,18150.9,5.75
20-01-2023,15347.9,1456578538,0.137875,0.0689,18052,137987,18055.95,3.95
19-01-2023,15419.7,1397940591,0.1396,0.0686,18105.6,138135,18106,0.4
18-01-2023,15466.35,1456707447,0.143725,0.0685,18204.1,138930,18204.4,0.3
17-01-2023,15396.15,1662006794,0.1459,0.0685,18090,169272,18090.8,0.8
16-01-2023,15305.45,1862743570,0.150225,0.0681,17941.4,155906,17944,2.6
13-01-2023,15346.1,1654332600,0.1446,0.0683,18022,204096,18025,3
12-01-2023,15279.6,1525410438,0.15275,0.0681,17920.5,175443,17924.5,4
11-01-2023,15301.35,1618847634,0.15435,0.0682,17958,164093,17958.7,0.7
10-01-2023,15325.25,1603159738,0.1551,0.0682,17988.45,181733,17993.95,5.5
09-01-2023,15450.1,1622494542,0.146525,0.0682,18158.25,212748,18161.95,3.7
06-01-2023,15272,1731462274,0.15025,0.0683,17949,208849,17952,3
05-01-2023,15386.2,1756668308,0.149825,0.0683,18070,215143,18072,2
04-01-2023,15393,2139053096,0.151975,0.0683,18100.2,211764,18103,2.8
03-01-2023,15557.8,2077114272,0.14385,0.0685,18315,135924,18317.6,2.6
02-01-2023,15523.65,2100336318,0.14685,0.0686,18279,109529,18279.95,0.95
30-12-2022,15448.85,2177895200,0.148675,0.0695,18219.5,160196,18220,0.5
29-12-2022,15485.2,2121593379,0.148125,0.0692,18191,138782,18192,1
28-12-2022,15432.8,2369754511,0.15395,0.0691,18113.65,130940,18114,0.35
27-12-2022,15418.35,2551296617,0.1529,0.0692,18143.2,163650,18144.1,0.9
26-12-2022,15298.55,2912946876,0.159325,0.0691,18018.1,170067,18018.5,0.4
23-12-2022,15046,2817098950,0.1616,0.069,17880.05,241009,17881.95,1.9
22-12-2022,15431.5,2756025508,0.151875,0.069,18158.4,223231,18159.3,0.9
21-12-2022,15527.55,3062020011,0.155625,0.0689,18277.3,235813,18277.9,0.6
20-12-2022,15726.2,2326129868,0.1378,0.0688,18424.95,214251,18425.1,0.15
19-12-2022,15755.2,2537045437,0.135525,0.0687,18499,145495,18499.85,0.85
16-12-2022,15636.35,2877750101,0.1407,0.0685,18327,215375,18329.95,2.95
15-12-2022,15783.8,3335428333,0.137325,0.0682,18445.6,186216,18450.1,4.5
14-12-2022,15963.8,4415929519,0.12885,0.068,18738.4,120161,18742.4,4
13-12-2022,15904.5,3497303705,0.128825,0.0679,18710.1,124896,18711.6,1.5
12-12-2022,15828,2791385743,0.133175,0.0679,18605,141560,18609,4
09-12-2022,15812.75,3679343930,0.134775,0.0679,18570.75,167045,18572.65,1.9
08-12-2022,15911.1,1967287299,0.133975,0.0679,18723,118166,18724.95,1.95
07-12-2022,15862,2008438540,0.140775,0.0679,18673.7,132092,18673.9,0.2
06-12-2022,15922.85,2311633800,0.140425,0.0668,18770,134502,18770.95,0.95
05-12-2022,15967.2,2366550196,0.137325,0.0667,18816,139884,18821.25,5.25
02-12-2022,15963.5,2231197217,0.1345,0.0666,18812.1,162318,18817.15,5.05
01-12-2022,16003.95,2087260933,0.1336,0.0664,18944,144744,18949.7,5.7
30-11-2022,15946.15,3148620915,0.138075,0.0664,18887,137806,18890,3
29-11-2022,15812.45,2085343665,0.13615,0.0663,18730.6,113058,18731,0.4
28-11-2022,15784.45,2407263794,0.13565,0.0663,18687,122999,18691.9,4.9
25-11-2022,15727.25,2580923382,0.133325,0.0662,18647.4,125828,18648,0.6
24-11-2022,15680.8,1938019518,0.134775,0.0661,18482.8,152936,18486.75,3.95
23-11-2022,15538.15,1966564981,0.140425,0.0661,18266,132279,18269,3
22-11-2022,15509.2,1889428183,0.138425,0.066,18289.05,114974,18292.9,3.85
21-11-2022,15453.8,1897045381,0.147975,0.0657,18191.4,126219,18194,2.6
18-11-2022,15550.85,1740991153,0.1439,0.0654,18344.05,167068,18345,0.95
17-11-2022,15597.25,1751072310,0.148775,0.0651,18357.1,127710,18357.9,0.8
16-11-2022,15663.3,1895666450,0.151,0.065,18446.8,146336,18447.3,0.5
15-11-2022,15693.9,1490601593,0.14635,0.065,18482.3,109201,18485,2.7
14-11-2022,15650.2,1975805848,0.1491,0.0649,18370.1,107942,18370.4,0.3
11-11-2022,15649.1,2301538901,0.14405,0.0649,18439.05,190271,18439.95,0.9
10-11-2022,15440,1696143940,0.155675,0.0649,18095,154020,18096,1
09-11-2022,15567.25,2286514913,0.15915,0.065,18188.25,154320,18191.95,3.7
07-11-2022,15615.15,2098710460,0.15585,0.0646,18260,171140,18262.95,2.95
04-11-2022,15530.85,1799754365,0.15655,0.0646,18218,120212,18220.95,2.95
03-11-2022,15484.7,1533581319,0.159425,0.0645,18118,156172,18120,2
02-11-2022,15497.55,1356369438,0.166625,0.0648,18142.6,115697,18145.25,2.65
01-11-2022,15537.4,1756374202,0.1613,0.0652,18214.75,161405,18215,0.25
31-10-2022,15424,1436076775,0.158025,0.0653,18053,130385,18054.9,1.9
28-10-2022,15241.6,1488533655,0.159225,0.0653,17837,161945,17838.75,1.75
27-10-2022,15244.25,1790193355,0.165975,0.0651,17735.9,186816,17736,0.1
25-10-2022,15158.1,1717823983,0.1688,0.065,17651.55,157461,17654.9,3.35
21-10-2022,15081.1,1652010476,0.1728,0.0649,17573.25,182444,17574.9,1.65
20-10-2022,15112.1,1946682857,0.172325,0.0647,17544.8,189528,17550.05,5.25
19-10-2022,15068.6,1895840786,0.174875,0.0646,17503.55,170212,17507.95,4.4
18-10-2022,15056.55,1737723416,0.174525,0.0646,17505,190681,17507.95,2.95
17-10-2022,14906.15,1400728636,0.184175,0.0644,17305.1,179812,17310,4.9
14-10-2022,14815.1,1270082006,0.182575,0.0643,17209.75,257506,17212,2.25
13-10-2022,14730.3,1316039824,0.2029,0.0642,17008,209707,17010,2
12-10-2022,14829.95,1418991409,0.20175,0.0638,17120.1,227311,17124.2,4.1
11-10-2022,14721.9,1498799633,0.2049,0.0637,16956.5,211932,16960.3,3.8
10-10-2022,14951.65,1420460846,0.196225,0.0633,17230.95,253682,17236.3,5.35
07-10-2022,15036.7,1535855659,0.188125,0.0631,17329.05,177797,17334.45,5.4
06-10-2022,15053.05,1649676252,0.19315,0.063,17313,183639,17313.45,0.45
04-10-2022,14965.8,1536625583,0.1957,0.063,17305,232589,17305.25,0.25
03-10-2022,14638.5,1665355078,0.21365,0.0629,16887.6,249841,16889.25,1.65
30-09-2022,14829.35,1881198019,0.199675,0.0631,17110.1,295474,17110.85,0.75
29-09-2022,14602.5,1813592799,0.213025,0.0609,16818.7,177012,16819,0.3
28-09-2022,14620.6,1559120413,0.22095,0.0607,16838.05,241255,16838.1,0.05
27-09-2022,14727.3,1676743917,0.215675,0.0603,17052,236488,17056.7,4.7
26-09-2022,14725.7,1994235461,0.218925,0.0599,17036.5,247495,17036.9,0.4
23-09-2022,15057.65,1723230144,0.205925,0.0599,17335.15,245085,17337.9,2.75
22-09-2022,15335.3,1868222839,0.18815,0.0598,17652.45,227785,17653,0.55
21-09-2022,15361.25,1633796422,0.19325,0.0596,17740,175944,17743.35,3.35
20-09-2022,15470.35,1514536206,0.187975,0.0595,17804.4,189582,17806.8,2.4
19-09-2022,15293.55,1592805437,0.1994,0.0591,17640.05,174858,17642.85,2.8
16-09-2022,15243.95,2582890903,0.198225,0.0589,17560.1,278784,17568.9,8.8
15-09-2022,15580.35,1805671642,0.183925,0.0585,17889.5,215633,17892,2.5
14-09-2022,15630.7,2023793430,0.182775,0.0582,18013.2,249002,18017.8,4.6
13-09-2022,15669.85,1799280675,0.1747,0.058,18107.5,133286,18110,2.5
12-09-2022,15577.4,1403829153,0.179375,0.0578,17953.4,128613,17955,1.6
09-09-2022,15467.4,1883276625,0.177175,0.0577,17859,148189,17862.9,3.9
08-09-2022,15440.7,1962089739,0.18305,0.0576,17832,188175,17832.15,0.15
07-09-2022,15319.4,2329467161,0.193675,0.0576,17655,168617,17657.95,2.95
06-09-2022,15313.05,2340271959,0.19525,0.0576,17680.05,183310,17683.95,3.9
05-09-2022,15294.4,2063022326,0.196625,0.0576,17703.1,151311,17704,0.9
02-09-2022,15201.6,1721101724,0.1955,0.0576,17556.25,219241,17559.45,3.2
01-09-2022,15211.2,1887721217,0.198725,0.0577,17612.6,318416,17622,9.4
30-08-2022,15325.05,1849362622,0.187,0.0573,17822.3,236986,17823,0.7
29-08-2022,14972.75,1543806646,0.198225,0.0571,17384,225318,17384.95,0.95
26-08-2022,15147.55,1714471790,0.18215,0.0571,17675,194876,17678,3
25-08-2022,15100.65,2157553941,0.1957,0.0569,17521,171481,17522.7,1.7
24-08-2022,15140.4,1754769023,0.1843,0.0569,17608,192084,17608.7,0.7
23-08-2022,15090.5,1844202013,0.1905,0.0568,17640.05,264578,17643.7,3.65
22-08-2022,15001.75,1648241622,0.190375,0.0567,17497.95,181285,17499,1.05
19-08-2022,15236.65,1925117182,0.18285,0.0566,17728.35,231394,17731.6,3.25
18-08-2022,15404.6,1749038510,0.1735,0.0565,18000.25,185866,18000.95,0.7
17-08-2022,15379.05,1881468758,0.176775,0.0565,17964.9,111096,17966.4,1.5
12-08-2022,15140.55,1736431366,0.176075,0.0565,17713.9,142609,17716.9,3
11-08-2022,15095.15,1496590462,0.18355,0.0562,17671.5,154587,17676,4.5
10-08-2022,14985.8,1671382607,0.195875,0.0562,17551,151166,17553,2
08-08-2022,14993.35,1420711786,0.193025,0.0561,17560,155023,17561.5,1.5
05-08-2022,14900.4,2153904409,0.18915,0.0558,17411,185221,17414.95,3.95
04-08-2022,14892.45,2320098205,0.192575,0.0536,17370,303013,17373.3,3.3
03-08-2022,14878.05,2403123575,0.1845,0.0534,17422,195658,17423.95,1.95
02-08-2022,14876.6,3265345125,0.1853,0.0529,17315.5,232634,17320,4.5
01-08-2022,14846.85,2120563196,0.17485,0.0529,17369,162266,17370.5,1.5
29-07-2022,14665.65,1916576289,0.1655,0.0532,17207.05,190698,17211.8,4.75
28-07-2022,14469.1,1742186254,0.170125,0.0533,16930.05,171761,16932,1.95
27-07-2022,14262.55,1507711153,0.1813,0.0533,16656.2,173755,16660,3.8
26-07-2022,14141.45,1492482903,0.1817,0.0533,16476.3,160254,16477.2,0.9
25-07-2022,14279.5,1389197352,0.1768,0.0532,16620,158228,16621.5,1.5
22-07-2022,14336.6,1246877998,0.1665,0.053,16720.7,158108,16723,2.3
21-07-2022,14271.8,1382327096,0.168575,0.0525,16616.2,189775,16616.45,0.25
20-07-2022,14164.4,1356373232,0.168225,0.0523,16494.5,217722,16499.6,5.1
19-07-2022,14051.65,1281842335,0.172025,0.0523,16338,179114,16338.5,0.5
18-07-2022,13984.4,1171579610,0.1716,0.0522,16310,162040,16312.95,2.95
15-07-2022,13790.2,1083221905,0.175975,0.0522,16073.55,183368,16074,0.45
14-07-2022,13702.65,1079671317,0.1834,0.0521,15937.75,239930,15941.8,4.05
13-07-2022,13726.95,1101134452,0.1852,0.052,15990.55,238191,15992,1.45
12-07-2022,13779,1229496938,0.185475,0.052,16026.65,233130,16031.95,5.3
11-07-2022,13886.85,1251741611,0.183675,0.052,16187.05,207273,16193.1,6.05
08-07-2022,13828.25,1090546667,0.18395,0.052,16229,184755,16231.45,2.45
07-07-2022,13765.6,1222896680,0.192025,0.052,16161,217721,16162,1
06-07-2022,13631.3,1162903383,0.202675,0.052,16014.6,313585,16018.65,4.05
05-07-2022,13461.85,1143490261,0.207875,0.052,15765.5,266321,15766,0.5
04-07-2022,13472.65,1090134381,0.209725,0.052,15830.95,207597,15832.95,2
01-07-2022,13394.45,1292755474,0.2125,0.0518,15773.9,303590,15774,0.1
30-06-2022,13387.55,1296763256,0.2184,0.0518,15778.65,208254,15780,1.35
29-06-2022,13417.85,1413712508,0.219,0.0517,15765.2,200483,15768.3,3.1
28-06-2022,13464.25,1242907282,0.2145,0.0517,15856.8,184027,15859,2.2
27-06-2022,13444.55,1203390156,0.21005,0.0516,15837.8,178510,15838,0.2
24-06-2022,13322.5,1194210708,0.2055,0.0516,15718.05,197522,15718.9,0.85
23-06-2022,13178.8,1235063774,0.2088,0.0515,15590.5,335913,15593.95,3.45
22-06-2022,13047.75,1284949775,0.213,0.0515,15401,260889,15403.95,2.95
21-06-2022,13241.9,1452889416,0.211425,0.0515,15629.1,258170,15633.3,4.2
20-06-2022,12950.75,1553247536,0.224125,0.0515,15365.25,225496,15369.75,4.5
17-06-2022,12994.75,1644760699,0.227575,0.0514,15348,353050,15348.8,0.8
16-06-2022,13089.2,1385437449,0.228675,0.0513,15334.9,385441,15339.95,5.05
15-06-2022,13380.85,973850504,0.221475,0.0513,15701,168682,15704,3
14-06-2022,13388.3,1238442984,0.218875,0.0512,15740.15,241788,15745.1,4.95
13-06-2022,13416.9,1306394989,0.22365,0.0512,15789.85,273699,15791,1.15
10-06-2022,13781.75,1034024811,0.19575,0.0511,16202.3,258944,16208,5.7
09-06-2022,13977.1,1114495573,0.1914,0.0511,16485,243111,16489.4,4.4
08-06-2022,13886.9,1232230159,0.198375,0.0506,16350.65,263918,16354.8,4.15
07-06-2022,13935.6,1115312622,0.20425,0.0478,16419.5,213923,16420,0.5
06-06-2022,14054.1,1118638011,0.202025,0.0478,16585,180565,16588,3
03-06-2022,14077.9,1205648026,0.19975,0.0477,16601,201094,16606,5
02-06-2022,14167.95,1277988674,0.2032,0.0476,16628,243104,16633,5
01-06-2022,14082.9,1370794669,0.20845,0.0476,16529.65,226586,16530,0.35
31-05-2022,14119.6,2587496055,0.204775,0.0475,16570.05,235915,16574,3.95
30-05-2022,14154.8,1395876254,0.1998,0.0475,16651.2,205744,16655.25,4.05
27-05-2022,13873.15,1251551533,0.2148,0.0475,16338,224174,16339.95,1.95
26-05-2022,13722.55,1681237805,0.227175,0.0475,16169,245653,16169.55,0.55
25-05-2022,13587.75,1367445922,0.252825,0.0474,16018,215455,16018.7,0.7
24-05-2022,13747.25,1571206265,0.25635,0.0473,16118.75,225951,16123,4.25
23-05-2022,13835.8,1568671748,0.233975,0.0471,16161,248659,16165,4
20-05-2022,13895.05,1395201103,0.231,0.0471,16271.4,276296,16274.9,3.5
19-05-2022,13550.9,1522617779,0.245575,0.047,15784,254290,15784.7,0.7
18-05-2022,13918.2,1588231425,0.22295,0.0469,16236,251612,16237,1
17-05-2022,13926.05,1543622516,0.227425,0.0468,16267.15,247190,16272.3,5.15
13-05-2022,13471.5,1731094866,0.23485,0.0467,15780,321315,15784.3,4.3
12-05-2022,13465.25,1827965124,0.24265,0.0465,15818,306009,15820,2
11-05-2022,13771.8,1785910352,0.228025,0.0465,16203.5,295672,16208.95,5.45
10-05-2022,13855.95,1345479766,0.223025,0.0465,16220.75,267899,16222.15,1.4
09-05-2022,13991.75,1418991426,0.220325,0.0464,16308.05,263031,16310,1.95
06-05-2022,14145.75,1526108456,0.2125,0.0463,16440.05,271713,16444.7,4.65
05-05-2022,14395.5,1349654710,0.202925,0.0462,16681,278261,16686.45,5.45
04-05-2022,14393.35,1629680302,0.218775,0.0425,16714.05,336027,16717,2.95
02-05-2022,14736.3,1413251679,0.202825,0.0425,17078.15,200148,17083.7,5.55
29-04-2022,14783.35,1609557502,0.19415,0.0426,17133,287698,17134,1
28-04-2022,14913.9,1613145949,0.193775,0.0425,17244.05,179360,17245,0.95
27-04-2022,14756,1542960449,0.20605,0.0425,17058,214333,17059.35,1.35
26-04-2022,14898.35,1357486732,0.191875,0.0425,17212,190949,17213.95,1.95
25-04-2022,14673,1525996866,0.212575,0.0424,16981.9,222213,16983,1.1
22-04-2022,14894.85,1486943550,0.183525,0.0425,17166.4,203594,17169.9,3.5
21-04-2022,15053.95,1436607750,0.178525,0.0425,17413.25,186810,17414,0.75
20-04-2022,14850.3,1463035590,0.186725,0.0425,17170,233321,17172.85,2.85
19-04-2022,14726.65,1855369225,0.19775,0.0425,16910,272801,16912,2
18-04-2022,14926.05,1668247374,0.19335,0.0425,17240.05,205301,17243,2.95
13-04-2022,15138.55,1388505488,0.17785,0.0425,17506.05,207334,17511,4.95
12-04-2022,15164.7,1771383713,0.181575,0.0424,17561.3,232847,17563,1.7
11-04-2022,15325.5,1750682873,0.1827,0.0425,17728.05,215862,17730,1.95
08-04-2022,15342.4,2385268764,0.176875,0.0423,17894.95,232502,17897,2.05
07-04-2022,15201.25,3302836546,0.189975,0.0421,17737.35,225563,17742,4.65
06-04-2022,15327.9,2840470400,0.190225,0.0421,17860.2,204300,17865,4.8
05-04-2022,15390.5,1870375947,0.184875,0.042,18000,193063,18002,2
04-04-2022,15384.2,1956545495,0.179075,0.0419,18091,246584,18092,1
31-03-2022,14894.5,1815251648,0.2056,0.0424,17463.75,155401,17464.45,0.7
30-03-2022,14896.9,2148589897,0.2061,0.0419,17493.3,188946,17493.8,0.5
29-03-2022,14761.9,1722624126,0.213025,0.042,17385,156754,17387,2
28-03-2022,14675.85,1547370762,0.2261,0.0419,17273,206770,17276.35,3.35
25-03-2022,14651.7,1396675558,0.2343,0.0419,17211.6,159458,17216.55,4.95
24-03-2022,14699.35,1609080043,0.2393,0.042,17215,193657,17218,3
23-03-2022,14695.15,1679968615,0.247475,0.0419,17255.7,219341,17257.2,1.5
22-03-2022,14724.05,1520859061,0.2407,0.042,17380,243233,17382,2
21-03-2022,14602.35,1498216639,0.246225,0.042,17163.1,186176,17167.9,4.8
17-03-2022,14721.7,2600172827,0.2261,0.042,17324,262676,17330,6
16-03-2022,14481.8,1284516904,0.241175,0.0418,17006.5,238538,17006.6,0.1
15-03-2022,14215.85,1766275769,0.2673,0.0417,16645.05,275545,16650,4.95
14-03-2022,14374.6,1450414963,0.256775,0.0419,16908.6,206757,16912.75,4.15
11-03-2022,14237.15,1529739344,0.25345,0.042,16654.25,216279,16656.6,2.35
10-03-2022,14189,1946810503,0.255825,0.0422,16562.5,319790,16571.25,8.75
09-03-2022,13979.6,1863587266,0.274675,0.0422,16382.3,303934,16385,2.7
08-03-2022,13706.75,1986681475,0.285875,0.0421,16011.15,363476,16012,0.85
07-03-2022,13564.25,2132125281,0.2933,0.0422,15893,385020,15894,1
04-03-2022,13893.15,2163358448,0.279575,0.0422,16260.05,340126,16266.6,6.55
03-03-2022,14135.95,1981292495,0.28155,0.0421,16522.5,236528,16527.9,5.4
02-03-2022,14199.8,1960825495,0.292325,0.0421,16640.1,275779,16644.85,4.75
28-02-2022,14307.95,2039609404,0.2857,0.0421,16785.05,310462,16791,5.95
25-02-2022,14187.4,2082555257,0.2674,0.0422,16667,351873,16674.95,7.95
24-02-2022,13775.7,2896660329,0.319825,0.0422,16248.45,303043,16250,1.55
23-02-2022,14506.95,1359046090,0.245425,0.0422,17067.05,197062,17069.25,2.2
22-02-2022,14489.05,1789782510,0.266625,0.0422,17061.15,296493,17062,0.85
21-02-2022,14597.1,1685206945,0.229025,0.0422,17206,239649,17208.5,2.5
18-02-2022,14710.7,1107629373,0.22165,0.0422,17277.5,195945,17284.9,7.4
17-02-2022,14772.05,1173686803,0.22005,0.0421,17265.95,249504,17266.75,0.8
16-02-2022,14789.9,1468717194,0.205925,0.0421,17295.45,277321,17298.9,3.45
15-02-2022,14805.55,1813119349,0.206125,0.0421,17362.05,314310,17364.25,2.2
14-02-2022,14400.4,1733846850,0.229775,0.0421,16809.4,249558,16810,0.6
11-02-2022,14891.3,1399113736,0.1868,0.0421,17330,247990,17330.5,0.5
10-02-2022,15112.2,1675851554,0.1771,0.0421,17597.65,184092,17601.95,4.3
09-02-2022,15016.35,1413173419,0.18555,0.0422,17486,156620,17486.15,0.15
08-02-2022,14857.05,1793708441,0.19685,0.0422,17255,245738,17257,2
04-02-2022,15085.45,1700283517,0.188975,0.0423,17518.75,192888,17520,1.25
03-02-2022,15135.9,1718538295,0.1916,0.0421,17504,215721,17507.4,3.4
02-02-2022,15293.35,1979267946,0.1865,0.0422,17808,170190,17808.9,0.9
01-02-2022,15116.2,2290902168,0.199775,0.0421,17608.85,372949,17610,1.15
31-01-2022,14921.45,1701833595,0.219525,0.0419,17367.75,215398,17371.35,3.6
28-01-2022,14723.25,2108354405,0.20695,0.0419,17125,260223,17133.6,8.6
27-01-2022,14679.7,2247371180,0.21065,0.042,17109.25,240698,17110,0.75
25-01-2022,14832.2,2059618896,0.213575,0.0421,17263,264142,17266.25,3.25
24-01-2022,14712.05,2092790883,0.22825,0.042,17101.65,295077,17107.35,5.7
21-01-2022,15180.8,1624156698,0.188875,0.0419,17643.1,253865,17647.85,4.75
20-01-2022,15361.1,1452364959,0.1779,0.0419,17808.85,214142,17812,3.15
19-01-2022,15472.5,1809243947,0.178175,0.0415,17975.5,185499,17978,2.5
18-01-2022,15573.1,1865876457,0.1778,0.0412,18115,208566,18116.1,1.1
17-01-2022,15781.25,1676707252,0.16765,0.041,18339.75,86772,18343.1,3.35
14-01-2022,15730.4,1578334741,0.16555,0.041,18272.45,128148,18280.75,8.3
13-01-2022,15721.05,1886097035,0.16705,0.0409,18289.25,135510,18289.6,0.35
12-01-2022,15667.9,2465729163,0.171825,0.041,18226.1,122159,18227,0.9
11-01-2022,15530.55,3859562035,0.177575,0.0411,18082.05,132628,18085.05,3
10-01-2022,15495.55,1742165362,0.176775,0.0411,18054.05,133834,18054.95,0.9
07-01-2022,15348.55,1831250781,0.176025,0.0411,17852.3,177892,17857,4.7
06-01-2022,15290.1,1835765443,0.179775,0.041,17799,240012,17799.75,0.75
05-01-2022,15396.4,1880757237,0.172275,0.0409,17945,158412,17946.2,1.2
04-01-2022,15318.75,1992560514,0.1612,0.0409,17855.15,150851,17856,0.85
03-01-2022,15204.6,1711743989,0.164525,0.0409,17690,159580,17692.75,2.75
31-12-2021,14996.2,1818214463,0.162225,0.0411,17417,139153,17420,3
30-12-2021,14842.05,1794991791,0.16565,0.0409,17205.5,130003,17206.95,1.45
29-12-2021,14863.4,1573250586,0.162425,0.0408,17196,131710,17199,3
28-12-2021,14867.85,1185348855,0.16475,0.041,17256,128470,17257,1
27-12-2021,14727.6,1256619005,0.171175,0.0408,17115.2,174248,17118,2.8
24-12-2021,14664.8,1376801961,0.161475,0.0409,17002.2,165621,17003,0.8
23-12-2021,14751.45,1248384517,0.15825,0.0409,17059.05,157470,17059.4,0.35
22-12-2021,14639.75,1386347290,0.1658,0.0406,16976.4,150826,16983.2,6.8
21-12-2021,14461.4,1649593618,0.175375,0.0408,16812,234126,16814.9,2.9
20-12-2021,14300.7,2107251611,0.18965,0.0402,16628.3,295989,16630,1.7
17-12-2021,14673.15,1914338443,0.163375,0.0403,17022,213850,17024,2
16-12-2021,14936.45,1656250900,0.15895,0.0401,17340.1,187313,17344.8,4.7
15-12-2021,14953.1,1508050662,0.172175,0.0398,17247.2,160456,17254.45,7.25
14-12-2021,15043.25,1809018566,0.169525,0.0397,17351.4,182493,17354.7,3.3
13-12-2021,15064.25,2044804382,0.1657,0.0397,17461.5,199714,17461.65,0.15
10-12-2021,15155,2436218232,0.1606,0.0397,17545.1,150286,17549,3.9
09-12-2021,15126.6,3114038725,0.166025,0.0397,17553,171223,17555,2
08-12-2021,15073.25,1722666422,0.17265,0.0396,17510,158549,17513,3
07-12-2021,14834.5,2053524776,0.1846,0.0397,17223,198994,17227.25,4.25
06-12-2021,14618.35,2894531091,0.200775,0.0397,16947.5,173528,16950,2.5
03-12-2021,14856.3,2448004269,0.18455,0.0397,17252.3,224095,17252.5,0.2
02-12-2021,14973.95,2101455128,0.180875,0.0397,17439.9,186158,17440,0.1
01-12-2021,14784.7,2309466860,0.194475,0.0397,17235,191163,17236.85,1.85
30-11-2021,14648.35,2682400787,0.211675,0.0396,17033.4,308954,17036.95,3.55
29-11-2021,14656.45,2224592537,0.2083,0.0396,17095,243103,17096.5,1.5
26-11-2021,14707.2,2217882330,0.208025,0.0396,17032,287958,17034.45,2.45
25-11-2021,15150.6,1839959382,0.166625,0.0395,17534.6,172696,17535,0.4
24-11-2021,15046.5,1857315541,0.17095,0.0394,17367.5,168812,17367.95,0.45
23-11-2021,15107.8,2118937938,0.18015,0.0397,17488.65,192765,17494.4,5.75
22-11-2021,14976.7,2078909437,0.1752,0.0394,17445.85,208742,17449.5,3.65
18-11-2021,15302.55,1715283574,0.148575,0.0388,17770.05,164300,17773,2.95
17-11-2021,15454.95,1356329811,0.1498,0.0386,17897.5,118322,17902.3,4.8
16-11-2021,15525.4,1497928101,0.15195,0.0386,17980,132964,17981.95,1.95
15-11-2021,15592.6,1310851988,0.15465,0.0386,18127.55,108621,18131.85,4.3
12-11-2021,15579,1520464318,0.152175,0.0386,18140,159764,18141.25,1.25
11-11-2021,15411.1,1493771490,0.163525,0.0386,17912,166879,17912.9,0.9
10-11-2021,15521.1,1877000269,0.16305,0.0386,18012.05,130251,18015,2.95
09-11-2021,15541.95,2039428417,0.160025,0.0386,18075.25,133521,18078.4,3.15
08-11-2021,15520.15,1750778815,0.1634,0.0387,18135.05,200602,18138.75,3.7
03-11-2021,15282.75,1590805645,0.16125,0.0387,17862.95,173443,17863,0.05
02-11-2021,15314.65,1699103912,0.170625,0.0386,17920.5,154828,17922.85,2.35
01-11-2021,15302.7,1841726352,0.17235,0.0386,18016,183949,18017,1
29-10-2021,15086.9,2323658555,0.17425,0.0386,17745,267627,17750,5
28-10-2021,15190.85,2387292812,0.179125,0.0386,17858,152790,17858.9,0.9
27-10-2021,15484.35,1908733604,0.168275,0.0386,18195,154791,18196,1
26-10-2021,15499.65,2377318370,0.167525,0.0387,18348.05,167070,18350,1.95
25-10-2021,15334.35,2423972413,0.1761,0.0386,18149.9,187270,18153.9,4
22-10-2021,15399.7,2658091327,0.17545,0.0386,18137.25,187289,18138.85,1.6
21-10-2021,15487.65,2521990001,0.18035,0.0386,18240.4,196302,18243.1,2.7
20-10-2021,15568.65,2611891297,0.183125,0.0386,18315,216578,18320,5
18-10-2021,15886.15,3729469416,0.17185,0.0386,18487.25,127741,18489,1.75
14-10-2021,15769.25,2579631708,0.157675,0.0386,18356,127112,18356.75,0.75
13-10-2021,15631.4,3027680048,0.161,0.0387,18175.5,134280,18178,2.5
12-10-2021,15481.9,2776371650,0.158475,0.0386,18006.05,126413,18008.5,2.45
11-10-2021,15428,2171060075,0.16085,0.0385,17975.05,116926,17975.35,0.3
08-10-2021,15365.2,1859852067,0.156525,0.0385,17911.1,127188,17913.2,2.1
07-10-2021,15290.15,2134120586,0.16155,0.0385,17817,160469,17819.45,2.45
06-10-2021,15134.55,2579412312,0.173325,0.0385,17611,205572,17611.4,0.4
05-10-2021,15280.1,2528673224,0.163975,0.0384,17837.05,125832,17838.5,1.45
04-10-2021,15181.15,2050818357,0.16735,0.0385,17709,137931,17714.8,5.8
01-10-2021,15013.95,2547877344,0.1721,0.0383,17521.2,159059,17525.8,4.6
30-09-2021,15052.65,3246246370,0.184025,0.0385,17619,178284,17619.5,0.5
29-09-2021,15086.95,3074300544,0.188375,0.0383,17710.35,178263,17712,1.65
28-09-2021,15095.6,2245338421,0.18535,0.0383,17730.5,240192,17732,1.5
27-09-2021,15189.05,1855011060,0.180525,0.0383,17861.4,126395,17865,3.6
24-09-2021,15191.95,2678377777,0.169225,0.0382,17845.05,125636,17847.95,2.9
23-09-2021,15205.45,2046704624,0.166025,0.0382,17841.5,127580,17842,0.5
22-09-2021,14990.55,2024443497,0.164925,0.0381,17565.5,111622,17567,1.5
21-09-2021,14946.3,2228665043,0.1652,0.0381,17562,189312,17563.45,1.45
20-09-2021,14826.75,2432340465,0.174925,0.0381,17355,198297,17355.8,0.8
17-09-2021,15027.25,4288419796,0.152325,0.0381,17604.8,227990,17605,0.2
16-09-2021,15104.9,5345605915,0.144125,0.0381,17608.5,127742,17611,2.5
15-09-2021,15020.55,3135906154,0.1373,0.0381,17535,114658,17538,3
14-09-2021,14904.35,2920040073,0.13575,0.0381,17385.2,77297,17387,1.8
13-09-2021,14852.2,1673709928,0.14025,0.0381,17362,107161,17363.85,1.85
09-09-2021,14836.45,1826184489,0.139425,0.0381,17369.45,94369,17370,0.55
08-09-2021,14803.6,2677527502,0.1441,0.0381,17386.25,115192,17386.8,0.55
07-09-2021,14784.25,2369606925,0.14895,0.0381,17369.25,148259,17370,0.75
06-09-2021,14805.85,1605956365,0.15105,0.0381,17406,90848,17409,3
03-09-2021,14759.3,2454372126,0.145425,0.0381,17327.2,135429,17332,4.8
02-09-2021,14684.35,2204479240,0.1424,0.0381,17256.05,113523,17259.85,3.8
01-09-2021,14551.35,1842266019,0.14185,0.0381,17085,140192,17086,1
31-08-2021,14555.9,1939879159,0.1452,0.0381,17130.2,147268,17132,1.8
30-08-2021,14397.9,1418191928,0.133175,0.0381,16951.9,112736,16952,0.1
27-08-2021,14192.5,1322925518,0.13405,0.038,16712,122792,16714.45,2.45
26-08-2021,14106.95,1491898368,0.135375,0.038,16638.2,126139,16638.95,0.75
25-08-2021,14093.6,1376531468,0.134975,0.038,16635,149217,16635.85,0.85
24-08-2021,14063.25,1610603086,0.131875,0.0379,16616,123179,16616.2,0.2
23-08-2021,13930.55,2034607070,0.13685,0.038,16493.35,147630,16494,0.65
20-08-2021,13943.95,1890113076,0.14015,0.038,16419.1,190712,16420,0.9
18-08-2021,14095.55,1753353294,0.12905,0.038,16558.2,128733,16559.8,1.6
17-08-2021,14113.1,1569484678,0.134125,0.038,16602.1,119911,16602.2,0.1
13-08-2021,14065.3,1557284734,0.1299,0.038,16517.05,127121,16520.2,3.15
12-08-2021,13971.95,1493031479,0.123725,0.038,16363.7,88837,16365,1.3
11-08-2021,13876.55,1971251665,0.127125,0.038,16281.55,145030,16281.6,0.05
10-08-2021,13892.75,1935174359,0.12705,0.038,16270.55,127270,16271.4,0.85
09-08-2021,13935.05,2356923244,0.12605,0.038,16261.6,113107,16263.85,2.25
06-08-2021,13954.65,2805276830,0.126075,0.0379,16267.8,91582,16268.9,1.1
05-08-2021,13981.55,3957455172,0.128725,0.0379,16290.65,129519,16291,0.35
04-08-2021,13969.35,3150952388,0.132125,0.0379,16256.55,146194,16260.3,3.75
03-08-2021,13939.2,2412772263,0.137475,0.0379,16151.05,175825,16151.5,0.45
02-08-2021,13783.7,1946413673,0.12805,0.0379,15910,105957,15912.3,2.3
30-07-2021,13664.25,2157998197,0.128025,0.0379,15782,144998,15785,3
29-07-2021,13643.75,2106240301,0.12945,0.0379,15779,129139,15780.2,1.2
28-07-2021,13579.15,2019384906,0.136925,0.0379,15707.5,177810,15707.95,0.45
27-07-2021,13610.3,1838503854,0.132325,0.0379,15731.8,143435,15733.9,2.1
26-07-2021,13675.1,1796617659,0.1245,0.0379,15817.5,100892,15819.6,2.1
23-07-2021,13687,2597135759,0.117625,0.038,15844.9,115142,15845,0.1
22-07-2021,13670.2,2171789245,0.11885,0.038,15820.5,148876,15823.45,2.95
20-07-2021,13495.6,1799075026,0.13205,0.038,15629.5,178075,15630,0.5
19-07-2021,13619.85,2356465289,0.1268,0.038,15761.45,167042,15762.05,0.6
16-07-2021,13742.35,2078937086,0.11705,0.038,15938.7,80224,15938.75,0.05
15-07-2021,13720.35,1622455717,0.1227,0.038,15940,96892,15942,2
14-07-2021,13661.1,1353870470,0.1259,0.038,15858,94131,15860,2
13-07-2021,13628.85,1537130204,0.126225,0.038,15833.7,120364,15833.95,0.25
12-07-2021,13549,1809425539,0.129925,0.038,15706.1,131567,15708.5,2.4
09-07-2021,13527.95,1565534299,0.129425,0.038,15720.2,136842,15721.45,1.25
08-07-2021,13532.7,1869770413,0.1356,0.0381,15730,186652,15731,1
07-07-2021,13631,1791166691,0.122125,0.0381,15897.1,95450,15897.65,0.55
06-07-2021,13574.15,2228290078,0.12275,0.0381,15831.6,105115,15834.5,2.9
05-07-2021,13585.75,1986517476,0.120675,0.0381,15861.2,104173,15865,3.8
02-07-2021,13494.45,1807176403,0.1209,0.0381,15747.2,106985,15748.3,1.1
01-07-2021,13454.1,2051043540,0.1284,0.0381,15727,108225,15727.15,0.15
30-06-2021,13473.55,2225442810,0.13045,0.0381,15747,134926,15749.45,2.45
29-06-2021,13481.95,2121753668,0.130025,0.0381,15794,118797,15795,1
28-06-2021,13533.05,2291881613,0.134025,0.0381,15862.9,86923,15863,0.1
25-06-2021,13539.4,2381374446,0.133675,0.038,15878.6,108637,15879.25,0.65
24-06-2021,13468.25,1928526726,0.150975,0.0378,15789.5,100504,15790.45,0.95
23-06-2021,13423.35,2587101997,0.15365,0.0378,15692.15,102244,15694,1.85
22-06-2021,13491.1,2643719995,0.147375,0.0378,15756.1,101742,15758.75,2.65
21-06-2021,13456.1,2605848877,0.1506,0.0378,15748.65,108957,15748.85,0.2
18-06-2021,13386.55,3643105417,0.147975,0.0378,15726.15,158662,15726.2,0.05
17-06-2021,13425.15,2299073612,0.152875,0.0378,15678.4,116537,15681,2.6
16-06-2021,13510.6,2247315219,0.14865,0.0377,15776.85,93099,15778,1.15
15-06-2021,13607.8,2288096967,0.14605,0.0377,15870,57943,15871.1,1.1
14-06-2021,13554.15,2886671368,0.14715,0.0377,15835.55,113403,15836,0.45
11-06-2021,13563.85,2690887678,0.141025,0.0377,15821.1,83541,15821.25,0.15
10-06-2021,13517.2,2587040404,0.150025,0.0377,15753.1,91489,15755,1.9
09-06-2021,13396.4,3364690736,0.147525,0.0377,15667.6,132318,15669,1.4
08-06-2021,13496.55,2765882510,0.15225,0.0377,15764.05,68389,15767.5,3.45
07-06-2021,13479.65,3342703144,0.155675,0.0377,15780,61301,15783.35,3.35
04-06-2021,13393.9,3073781029,0.1594,0.0376,15698.6,78886,15704,5.4
03-06-2021,13380.5,2703707920,0.15745,0.0376,15714.8,79978,15718,3.2
02-06-2021,13274.25,2640938099,0.1721,0.0376,15625.15,89584,15628.95,3.8
01-06-2021,13210.4,2090101215,0.173875,0.0377,15623.35,101282,15623.8,0.45
31-05-2021,13226.35,2265613485,0.16885,0.0376,15571.05,93540,15571.2,0.15
28-05-2021,13117.05,2510755416,0.174025,0.0376,15477.3,85794,15478,0.7
27-05-2021,13066.25,3489793562,0.1991,0.0376,15339,105964,15340.35,1.35
25-05-2021,12963,2492182987,0.188425,0.0376,15232.8,104026,15235,2.2
24-05-2021,12962.45,2882282221,0.1913,0.0376,15190,95232,15191.95,1.95
21-05-2021,12917.85,2538873675,0.1908,0.0376,15220,128427,15220.9,0.9
20-05-2021,12736.45,2605400606,0.196525,0.0377,14937,101086,14940,3
19-05-2021,12809,2394147136,0.193175,0.0376,15048.4,88580,15049.85,1.45
18-05-2021,12839.1,2405078400,0.1924,0.0376,15151,118840,15153.2,2.2
17-05-2021,12672.1,2392678561,0.196075,0.0375,14952.95,117321,14955.5,2.55
14-05-2021,12472.15,2899284653,0.202675,0.0375,14717.3,135076,14717.5,0.2
12-05-2021,12537.95,4019085401,0.2008,0.0376,14706.1,157491,14708.9,2.8
11-05-2021,12642.25,3564743840,0.1983,0.0376,14874.7,111856,14881,6.3
10-05-2021,12669.9,2882079729,0.20225,0.0376,14992,86568,14993.75,1.75
07-05-2021,12563.1,2435019294,0.208225,0.0376,14858,98903,14861,3
06-05-2021,12501.9,2191078445,0.22035,0.0376,14780.25,126875,14785.5,5.25
05-05-2021,12413,2181353931,0.219625,0.0376,14694.2,138177,14694.85,0.65
04-05-2021,12300.45,3022137410,0.2301,0.0377,14551.7,152390,14555,3.3
03-05-2021,12395.25,2256217808,0.236925,0.0376,14695.2,147560,14700,4.8
30-04-2021,12364.35,2316126882,0.230275,0.0377,14661.15,166404,14664.95,3.8
29-04-2021,12532.8,2168487693,0.23305,0.0378,14896.45,130717,14897.1,0.65
28-04-2021,12517.95,1839783717,0.2258,0.0379,14846.4,126120,14846.45,0.05
27-04-2021,12362.55,1877031126,0.230825,0.0379,14645.05,111238,14647,1.95
26-04-2021,12216.85,1735708291,0.23495,0.0379,14486,126133,14489.4,3.4
23-04-2021,12105.6,1930597068,0.2269,0.0378,14332,151799,14333,1
22-04-2021,12132.05,1916024238,0.23025,0.038,14405,161273,14405.55,0.55
20-04-2021,12055.4,1777906078,0.22425,0.0379,14290,161702,14291.25,1.25
19-04-2021,12076.45,1945295130,0.22485,0.0375,14382,193921,14382.15,0.15
16-04-2021,12298.05,1810544991,0.204025,0.0375,14622.1,130940,14624.3,2.2
15-04-2021,12237.6,2024986303,0.2089,0.0375,14600,184844,14600.25,0.25
12-04-2021,12024.1,2853601038,0.22995,0.0374,14364.5,209409,14367,2.5
09-04-2021,12527.4,2069618262,0.19785,0.0374,14892.15,119466,14893,0.85
08-04-2021,12541.65,2111913287,0.203125,0.0374,14938,129956,14938.75,0.75
07-04-2021,12481.3,1911252584,0.202475,0.0373,14880.5,140421,14882.85,2.35
06-04-2021,12358.1,1917914043,0.2084,0.0374,14761.8,150223,14763.25,1.45
05-04-2021,12298.6,2057526125,0.21215,0.0374,14705.95,209072,14709.1,3.15
31-03-2021,12313.7,2008833931,0.20645,0.0374,14762.5,150225,14766.45,3.95
30-03-2021,12387.9,2336893708,0.20485,0.0374,14912.65,192263,14917,4.35
26-03-2021,12148.9,2170641369,0.2065,0.0375,14620,154879,14622.2,2.2
25-03-2021,11993.3,2802712837,0.226975,0.0375,14324.05,177141,14326.95,2.9
24-03-2021,12197.2,1908995087,0.22455,0.0375,14567.1,164585,14569.95,2.85
23-03-2021,12417.3,1926922396,0.20665,0.0376,14827,189195,14829.9,2.9
22-03-2021,12338.6,1849339040,0.204925,0.0376,14755.5,151465,14756,0.5
19-03-2021,12314.5,3133136265,0.199875,0.0376,14750.6,235783,14753.75,3.15
18-03-2021,12174.45,2309132011,0.2008,0.0377,14602,185434,14604,2
17-03-2021,12319.9,1936540698,0.201575,0.0376,14755.35,146439,14759.85,4.5
16-03-2021,12512.7,1862226535,0.2019,0.0376,14968.6,146432,14975,6.4
15-03-2021,12510.15,2056747402,0.212275,0.0375,14945,171301,14948.5,3.5
12-03-2021,12593.9,2326915273,0.217075,0.0376,15031,184334,15032.2,1.2
10-03-2021,12691.35,1672894209,0.207475,0.0376,15203,107690,15205.15,2.15
09-03-2021,12617.2,2352080501,0.22495,0.0375,15143.9,169539,15145,1.1
08-03-2021,12558.95,2155684470,0.24675,0.0374,14978.25,181511,14983.25,5
05-03-2021,12539,2792554205,0.2556,0.0374,14979.1,200859,14983,3.9
04-03-2021,12688.85,3126112147,0.2415,0.0373,15108,206276,15109,1
03-03-2021,12764.8,2957966799,0.2209,0.0373,15299.95,148386,15303,3.05
02-03-2021,12519.4,2938298409,0.23605,0.0374,14982.3,183572,14984,1.7
01-03-2021,12368.3,2891251630,0.25625,0.0374,14818.05,160227,14823,4.95
26-02-2021,12181.4,4142697769,0.281425,0.0374,14565.25,350548,14565.65,0.4
25-02-2021,12567.85,3273662422,0.228925,0.0375,15096.5,161791,15099.3,2.8
24-02-2021,12455.2,1820862847,0.241675,0.0376,14996.2,137821,14999.8,3.6
23-02-2021,12263.7,2791764312,0.252275,0.0376,14724,185394,14726.95,2.95
22-02-2021,12212.55,2744803727,0.2547,0.0376,14642.7,170102,14646,3.3
18-02-2021,12565.7,3895779526,0.215425,0.0376,15118,126681,15122,4
17-02-2021,12597.45,3441423674,0.21505,0.0376,15189.25,135603,15190.55,1.3
16-02-2021,12647.2,2735370962,0.2178,0.0376,15332,126110,15332.95,0.95
15-02-2021,12632.05,2190272365,0.21475,0.0376,15348.5,92625,15351.1,2.6
12-02-2021,12508.55,2429004433,0.220425,0.0376,15161.85,118930,15162,0.15
11-02-2021,12514.1,2377558184,0.23045,0.0375,15195.2,98123,15197.05,1.85
10-02-2021,12452.45,2382581258,0.239525,0.0376,15156.2,167931,15161.3,5.1
09-02-2021,12434.2,2929109749,0.2427,0.0376,15103,132022,15104.95,1.95
08-02-2021,12441.3,2547801915,0.239575,0.0376,15137,123366,15138.2,1.2
05-02-2021,12279.85,3526707080,0.23415,0.0376,14945,155740,14947.3,2.3
04-02-2021,12285.85,3399706152,0.231225,0.0374,14888,154221,14890,2
03-02-2021,12174.05,3076713409,0.23745,0.0375,14813.75,158893,14816.75,3
02-02-2021,12053.25,3115606209,0.23345,0.0374,14710,219941,14711.9,1.9
01-02-2021,11770.15,3206044317,0.233225,0.0374,14394.25,336503,14395,0.75
29-01-2021,11302.4,2755193206,0.253425,0.0373,13717.25,236005,13718,0.75
28-01-2021,11442.55,2946474453,0.2429,0.0373,13817.5,192368,13819.35,1.85
27-01-2021,11546.35,2600763378,0.243925,0.0373,13980,206257,13983.15,3.15
25-01-2021,11743.7,2692961157,0.23245,0.0373,14255,185139,14260,5
22-01-2021,11854.5,3039832960,0.224225,0.0372,14372.25,218502,14375.1,2.85
21-01-2021,12015.95,2731312071,0.2218,0.0371,14635,132214,14639.95,4.95
20-01-2021,12078.35,2407564639,0.2155,0.037,14633,117937,14634,1
19-01-2021,11981.85,2212472618,0.228975,0.0371,14571.05,146535,14572,0.95
18-01-2021,11776.2,2837637732,0.24395,0.037,14251.65,176050,14254.1,2.45
15-01-2021,11931.2,3917209536,0.2401,0.0369,14458.15,192307,14460,1.85
14-01-2021,12069.5,2480285265,0.230275,0.0369,14632,108912,14633.4,1.4
13-01-2021,12041.1,3837512381,0.232925,0.0369,14591.1,170305,14594.9,3.8
12-01-2021,12058.35,3495364856,0.228475,0.0369,14596.35,117473,14599.9,3.55
11-01-2021,12006.5,2406296224,0.223825,0.0368,14493.4,142339,14496,2.6
08-01-2021,11925.6,2872214697,0.2064,0.0366,14374.9,140661,14375.05,0.15
07-01-2021,11766.1,2917179475,0.20615,0.0366,14203.1,100360,14203.9,0.8
06-01-2021,11737.9,3205480948,0.20995,0.0366,14173.1,157161,14176.75,3.65
05-01-2021,11767,2858312752,0.2046,0.0367,14216,130458,14221,5
04-01-2021,11691.8,3238422803,0.2003,0.0367,14173.3,134661,14173.8,0.5
01-01-2021,11574.85,2196136531,0.1956,0.0367,14050.2,60830,14050.5,0.3
31-12-2020,11518.3,2695072107,0.21095,0.0367,13982,121298,13983,1
30-12-2020,11509.65,1868454677,0.2111,0.0365,13978,131893,13979.9,1.9
29-12-2020,11467,2019680021,0.2079,0.0365,13930.6,110926,13932.45,1.85
28-12-2020,11434.7,1946772582,0.204275,0.0365,13895.6,85622,13897.3,1.7
24-12-2020,11325.25,2167449058,0.199675,0.0366,13759.4,130948,13760.9,1.5
23-12-2020,11225.55,2577733180,0.20495,0.0365,13619.05,118696,13619.5,0.45
22-12-2020,11075.75,2984718026,0.21985,0.0365,13487.5,228304,13490,2.5
21-12-2020,10964.25,2778901674,0.2319,0.0365,13290.6,268798,13296.95,6.35
18-12-2020,11355,2277338367,0.186225,0.0364,13762.15,120843,13768.9,6.75
17-12-2020,11346.35,2010454298,0.191575,0.0365,13749.5,92815,13752,2.5
16-12-2020,11320.1,2505621374,0.192,0.0364,13696,106629,13699.25,3.25
15-12-2020,11223.9,2330267235,0.19345,0.0364,13582.5,112754,13583.8,1.3
14-12-2020,11215.25,2152360100,0.194025,0.0364,13567.7,99213,13568.4,0.7
11-12-2020,11171.4,3056559322,0.1879,0.0366,13517,144926,13517.8,0.8
10-12-2020,11141.35,2666432957,0.187125,0.0366,13521,120495,13521.75,0.75
09-12-2020,11181.2,3173850711,0.1892,0.0365,13576.9,117185,13577.75,0.85
08-12-2020,11088.65,3179015833,0.186175,0.0363,13422,123766,13424.8,2.8
07-12-2020,11070.25,2437379648,0.18025,0.0363,13383.1,97268,13384.9,1.8
04-12-2020,10978.85,2681966380,0.180275,0.0363,13322,120149,13324,2
03-12-2020,10893.6,2734365432,0.19,0.0365,13202.75,101240,13203.85,1.1
02-12-2020,10858.15,2782310120,0.199075,0.0366,13148.3,145607,13150.7,2.4
01-12-2020,10835.15,2708250078,0.201825,0.0366,13135.5,117032,13141,5.5
27-11-2020,10719.05,4521358657,0.198175,0.0366,12996.75,159655,13000,3.25
26-11-2020,10674.05,2081231455,0.200225,0.0366,12986.9,162905,12989,2.1
25-11-2020,10574.95,2732592059,0.231275,0.037,12856.7,242498,12859,2.3
24-11-2020,10733.6,2423524030,0.210575,0.0373,13077.6,134212,13081.1,3.5
23-11-2020,10635.95,2656757191,0.207975,0.0374,12940.6,134013,12943.95,3.35
20-11-2020,10560.55,2575894539,0.196175,0.0373,12854.5,161964,12857.05,2.55
19-11-2020,10477.5,2687307622,0.1957,0.0375,12777.4,174437,12779.05,1.65
18-11-2020,10588.35,2500354034,0.1912,0.0375,12964.2,120263,12964.95,0.75
17-11-2020,10524,2506791685,0.198025,0.0376,12889.4,115495,12890,0.6
13-11-2020,10387.2,1792270638,0.197025,0.0376,12754.55,131204,12756.9,2.35
12-11-2020,10342.7,2196575093,0.2062,0.0377,12703.55,138754,12706.9,3.35
11-11-2020,10356.5,2188064608,0.220325,0.0378,12764.15,213735,12764.65,0.5
10-11-2020,10269,2334227426,0.215775,0.0379,12661.25,204233,12664.85,3.6
09-11-2020,10176.35,1683044676,0.201125,0.0379,12479.5,138770,12480.7,1.2
06-11-2020,10033.5,1791087196,0.204975,0.0379,12261.5,155989,12262.25,0.75
05-11-2020,9935.35,1733351157,0.20965,0.0379,12151,164807,12151.65,0.65
04-11-2020,9764.6,1508974536,0.232,0.0378,11907,213369,11907.6,0.6
03-11-2020,9696.3,1671297247,0.2424,0.0379,11823.4,148092,11824.95,1.55
02-11-2020,9595.95,1681708430,0.2521,0.0377,11671.5,165616,11672.8,1.3
29-10-2020,9593.4,1573369182,0.240225,0.0378,11671.15,164285,11672,0.85
28-10-2020,9632.35,1687601159,0.2328,0.0379,11719.25,197954,11720.75,1.5
27-10-2020,9748.3,1604881683,0.22195,0.0379,11875,149113,11876.55,1.55
26-10-2020,9647.65,1624386756,0.228325,0.038,11777,160116,11780,3
23-10-2020,9780.35,1865194287,0.218275,0.0379,11933.3,102492,11933.55,0.25
22-10-2020,9745.05,1634025894,0.22635,0.0378,11895,149750,11900,5
21-10-2020,9756.6,1722901298,0.22915,0.0379,11928.4,215714,11929.5,1.1
20-10-2020,9733,1573498289,0.2269,0.0384,11894.5,123869,11895.2,0.7
19-10-2020,9709.3,1622316744,0.218175,0.0384,11894.15,118075,11897.55,3.4
16-10-2020,9626.25,1471545501,0.21645,0.0384,11766.65,158977,11768.05,1.4
15-10-2020,9550.05,1639785694,0.220575,0.0384,11674.4,225183,11675,0.6
14-10-2020,9763.4,1600131402,0.2021,0.0385,11972,160556,11973,1
13-10-2020,9736.45,1321281564,0.20715,0.0388,11936.1,113103,11937.7,1.6
12-10-2020,9745.35,1459706393,0.211275,0.0386,11936.5,139020,11940,3.5
09-10-2020,9750.15,1619493419,0.2038,0.0385,11948,143666,11949.75,1.75
08-10-2020,9711.8,1758663740,0.2038,0.0386,11826,156852,11829,3
07-10-2020,9654.5,1529749738,0.2006,0.0387,11756,150000,11756.65,0.65
06-10-2020,9622.35,1562304293,0.19635,0.0389,11672,139166,11672.3,0.3
05-10-2020,9516.3,1770099661,0.19705,0.0392,11525.8,138529,11527.45,1.65
01-10-2020,9461.7,1649559208,0.1835,0.0393,11439.9,138632,11443.65,3.75
30-09-2020,9341.75,1685665154,0.1953,0.0396,11242.3,147829,11244.25,1.95
29-09-2020,9319.7,1981281501,0.19775,0.0397,11237.05,180166,11237.75,0.7
28-09-2020,9330.25,1915557560,0.195725,0.0397,11243,158498,11245.9,2.9
25-09-2020,9156.1,2341531045,0.20675,0.0397,11030.75,217124,11031.9,1.15
24-09-2020,8944.75,2116204067,0.2351,0.0398,10805.25,173405,10806.25,1
23-09-2020,9194.35,2220359834,0.2099,0.0397,11146.5,188206,11148.55,2.05
22-09-2020,9213.9,2194132364,0.2141,0.0399,11176,228301,11178,2
21-09-2020,9313,1873243657,0.221875,0.0399,11226.1,200907,11227.5,1.4
18-09-2020,9559.5,2203284104,0.20045,0.0402,11518,170053,11519.5,1.5
17-09-2020,9566.75,1466695812,0.201,0.0405,11526.65,142223,11528.75,2.1
16-09-2020,9632.5,1554748379,0.1966,0.0404,11611.75,114533,11612.65,0.9
15-09-2020,9573.35,2191853679,0.205975,0.0405,11533.5,128504,11534,0.5
14-09-2020,9493.3,2131830453,0.2119,0.041,11433.8,151951,11434.9,1.1
11-09-2020,9446.4,1498525416,0.207125,0.0412,11467,133070,11467.5,0.5
10-09-2020,9420.25,1865344634,0.212625,0.0412,11465.1,188736,11466,0.9
09-09-2020,9290.2,2036835934,0.2223,0.0415,11317.65,174235,11317.85,0.2
08-09-2020,9329.85,1928517989,0.227225,0.0417,11302,164021,11303.9,1.9
07-09-2020,9379.1,2722797972,0.220075,0.0422,11387.3,146701,11389.95,2.65
04-09-2020,9377.95,3338644498,0.221525,0.0423,11375,193442,11375.15,0.15
03-09-2020,9534.65,2952530476,0.205025,0.0423,11550.1,123897,11551.95,1.85
02-09-2020,9518.4,2007910183,0.21105,0.0426,11564.05,136240,11564.4,0.35
01-09-2020,9442.25,3778010053,0.218,0.0427,11526.85,214783,11527.55,0.7
31-08-2020,9372.05,3863255421,0.22835,0.0427,11359.75,314090,11359.8,0.05
28-08-2020,9641.05,4071389917,0.183475,0.0429,11685.5,151946,11686,0.5
27-08-2020,9580.7,2350010846,0.18895,0.0429,11559,109982,11560.75,1.75
26-08-2020,9567.15,2107106450,0.193025,0.0433,11553.1,125200,11554.55,1.45
25-08-2020,9509.25,2115985346,0.19315,0.0434,11476,134094,11477,1
24-08-2020,9498.35,2314342622,0.1923,0.0434,11478,110322,11478.15,0.15
21-08-2020,9423.55,2430585395,0.199375,0.0437,11381.45,105255,11382.9,1.45
20-08-2020,9368.75,2506729364,0.206175,0.0441,11291.25,152193,11293.8,2.55
19-08-2020,9412.55,2285969076,0.199575,0.0442,11427.3,102303,11428,0.7
18-08-2020,9382.05,1901523426,0.2043,0.0445,11406.4,145568,11406.5,0.1
17-08-2020,9267.9,1752057939,0.213075,0.0449,11280,147875,11281,1
14-08-2020,9214.4,2466598785,0.216725,0.0452,11186.1,197302,11187.35,1.25
13-08-2020,9307.85,2339287272,0.205675,0.0452,11323.25,116308,11326.5,3.25
12-08-2020,9284.8,2142381903,0.20845,0.0453,11313.95,131018,11314.75,0.8
11-08-2020,9291,2023060444,0.2136,0.0454,11347.75,132166,11348.95,1.2
10-08-2020,9268.55,2076871976,0.2251,0.0456,11293.25,125516,11294,0.75
07-08-2020,9198.65,2334527570,0.225775,0.0457,11228.2,136949,11230.6,2.4
06-08-2020,9169.1,1905172327,0.2315,0.0457,11210.5,187792,11212,1.5
05-08-2020,9088.75,2032470879,0.235675,0.0458,11131.5,189461,11134.55,3.05
04-08-2020,9074.95,1877931258,0.23815,0.046,11108,191627,11110.35,2.35
03-08-2020,8932.05,2139060424,0.25185,0.046,10916.05,183761,10917,0.95
31-07-2020,9035.75,1981775570,0.241925,0.046,11102,184351,11105,3
30-07-2020,9031.7,1999618009,0.247275,0.0461,11101.35,162627,11102.6,1.25
29-07-2020,9096.1,2109124615,0.241125,0.0462,11210,207178,11211,1
28-07-2020,9141.75,1802104773,0.236425,0.0463,11299.3,187009,11302,2.7
27-07-2020,9024.9,1664767288,0.250175,0.0464,11114.2,162868,11116,1.8
24-07-2020,9085.95,2024581094,0.24535,0.0463,11170,181513,11170.7,0.7
23-07-2020,9114.05,1727173615,0.2464,0.0463,11217.35,132415,11217.75,0.4
22-07-2020,9046.6,2483774626,0.24885,0.0464,11126,172639,11126.15,0.15
21-07-2020,9070.6,2512400599,0.244275,0.0465,11175,147524,11176,1
20-07-2020,8985.1,2673796393,0.247125,0.0464,11010.25,156649,11011.75,1.5
17-07-2020,8895.3,2616331036,0.241575,0.0468,10931.9,185379,10932.8,0.9
16-07-2020,8766.6,2664281047,0.253625,0.0467,10696.85,190922,10697.9,1.05
15-07-2020,8689.85,2327779172,0.2629,0.0468,10641.75,239766,10642,0.25
14-07-2020,8693.35,1953674967,0.266375,0.0469,10608,225225,10610,2
13-07-2020,8834.2,2073963572,0.252525,0.0468,10812.55,168331,10814.35,1.8
10-07-2020,8813.95,2816580137,0.249425,0.0468,10772.5,196207,10774.25,1.75
09-07-2020,8851.5,2300310833,0.249125,0.0469,10843.05,172748,10844,0.95
08-07-2020,8785,3096997669,0.261,0.047,10682.5,204646,10683.1,0.6
07-07-2020,8850.3,2505957552,0.251025,0.0471,10752.1,191939,10755.95,3.85
06-07-2020,8815.7,2347395075,0.251975,0.047,10760,172579,10760.45,0.45
03-07-2020,8696.25,2107628036,0.257675,0.047,10565.2,154072,10569,3.8
02-07-2020,8647.85,2239635423,0.265075,0.0468,10550,198814,10552,2
01-07-2020,8554.75,2168775132,0.281175,0.047,10395.05,223251,10396.9,1.85
30-06-2020,8474.8,2658379272,0.291175,0.0469,10256.95,204976,10258.5,1.55
29-06-2020,8488.05,2842439723,0.2891,0.0469,10260,219119,10261.95,1.95
26-06-2020,8559,3182178991,0.28735,0.047,10328.65,229894,10332,3.35
25-06-2020,8499.9,3294912797,0.297275,0.0468,10290,248867,10290.2,0.2
24-06-2020,8496.25,3725013436,0.295775,0.0469,10296.05,254896,10297.25,1.2
23-06-2020,8621.1,2834696037,0.2934,0.0468,10479.45,193208,10480,0.55
22-06-2020,8486.45,3839180399,0.3046,0.0473,10303,199280,10305,2
19-06-2020,8403.4,3211337834,0.29965,0.0474,10245.05,234803,10246.7,1.65
18-06-2020,8283.65,3027587687,0.31455,0.0475,10070,242211,10074.95,4.95
17-06-2020,8140.45,2294565569,0.33355,0.0475,9850.1,244971,9851,0.9
16-06-2020,8152.3,3098568883,0.32965,0.0476,9885.05,330480,9885.6,0.55
15-06-2020,8086.45,2907938830,0.325775,0.0476,9817.05,278736,9820.25,3.2
12-06-2020,8196.4,3756577636,0.308225,0.0477,9941.9,325664,9944.85,2.95
11-06-2020,8137,4593850025,0.2966,0.0478,9895.5,235678,9897,1.5
10-06-2020,8293.35,3271455440,0.294375,0.0479,10140,212745,10142.4,2.4
09-06-2020,8238.1,4062026406,0.30205,0.048,10008.5,224913,10010,1.5
08-06-2020,8323.95,4757123169,0.296475,0.0481,10165.05,195455,10168,2.95
05-06-2020,8299.35,4518404839,0.2868,0.0483,10178.65,206467,10180,1.35
04-06-2020,8185.9,3295275673,0.2969,0.0486,10014.1,233510,10015,0.9
03-06-2020,8203,3483800210,0.300425,0.0486,10085,225795,10085.9,0.9
02-06-2020,8137.45,3195724501,0.30115,0.0488,9987,218792,9987.9,0.9
01-06-2020,8020.1,2991531089,0.307425,0.0489,9776,246296,9778,2
29-05-2020,7822.4,5404237465,0.3022,0.0489,9482.1,230942,9482.25,0.15
28-05-2020,7732.25,2575437304,0.300175,0.049,9490.25,193090,9490.75,0.5
27-05-2020,7595.55,2021180725,0.312725,0.0492,9311.1,272349,9311.15,0.05
26-05-2020,7424.5,1846214834,0.3147,0.0496,9048,210317,9049,1
22-05-2020,7416,2012105957,0.323775,0.0504,9040.05,239626,9043,2.95
21-05-2020,7470.6,1993003977,0.32985,0.0517,9063.3,203480,9066.7,3.4
20-05-2020,7426.85,2053411161,0.3581,0.052,9083.85,251003,9086,2.15
19-05-2020,7284.5,2674472069,0.394525,0.0522,8891,299479,8892,1
18-05-2020,7245.25,2235846866,0.40915,0.052,8828.5,286896,8830,1.5
15-05-2020,7504.05,1829354717,0.380175,0.0521,9120.05,210664,9125.95,5.9
14-05-2020,7514.55,2144455767,0.381825,0.0521,9149.05,234501,9153.35,4.3
13-05-2020,7667,2904380722,0.38835,0.0519,9391,255310,9391.4,0.4
12-05-2020,7520.9,2249675676,0.38205,0.0524,9225,257550,9226.55,1.55
11-05-2020,7556.4,2505750345,0.380375,0.0521,9227.1,216224,9229.1,2
08-05-2020,7552,1635029843,0.384075,0.0521,9234.15,175761,9235,0.85
06-05-2020,7575.5,2096198864,0.412475,0.0525,9300.65,313421,9301.2,0.55
05-05-2020,7523.05,1839701448,0.436075,0.0526,9222,245493,9222.9,0.9
04-05-2020,7596.9,2167488400,0.4367,0.0529,9294.3,242475,9295,0.7
30-04-2020,8012.9,2658018047,0.339875,0.0529,9860,192468,9860.25,0.25
29-04-2020,7797.2,2061251466,0.338375,0.0529,9526.2,157182,9526.55,0.35
28-04-2020,7672.45,1782031657,0.35355,0.0528,9416.5,195505,9419.8,3.3
27-04-2020,7603.95,1630332943,0.380425,0.0528,9304,220401,9305.75,1.75
24-04-2020,7493.45,1939421775,0.391175,0.0527,9149.75,224572,9153.15,3.4
23-04-2020,7625.3,2285043159,0.3923,0.0527,9287.5,207322,9291.65,4.15
22-04-2020,7533.8,2142369093,0.428225,0.0529,9199.25,259840,9200,0.75
21-04-2020,7395.85,1882944565,0.451975,0.0529,8961.05,238467,8962,0.95
20-04-2020,7614.6,2219054607,0.43455,0.0529,9264,250146,9265.05,1.05
17-04-2020,7614.4,2497502001,0.425925,0.0538,9331.1,300005,9332,0.9
16-04-2020,7412.3,2106472595,0.46095,0.0545,9058,281021,9060,2
15-04-2020,7344.35,2823852623,0.49735,0.0558,8945,311338,8947.45,2.45
13-04-2020,7360.35,2415416399,0.514575,0.056,9026.9,239053,9028.2,1.3
09-04-2020,7441.65,1903043499,0.49745,0.0562,9070,305142,9074,4
08-04-2020,7161.45,2175036885,0.522425,0.0563,8755.9,398663,8757.1,1.2
07-04-2020,7149,1905877368,0.518,0.0567,8877,335107,8882,5
03-04-2020,6638.45,1629545801,0.553025,0.0573,8105.5,255856,8109,3.5
