Date,PX_LAST,GARCH_Volatility,Sigma_Annualized,VIX,SOFR3M,Daily_STIR,CFD_Ask,CFD_Bid,Portfolio_Value_Upper,Portfolio_Value_Lower,Cumulative_Cost_Upper,Cumulative_Cost_Lower
2023-12-07,4585.59,0.0066252271224398,0.1051722200717758,0.1306,0.053525,0.0002124007936507,4585.9717477552385,4585.208252244762,1000.0,1000.0,0.0,0.0
2023-12-08,4604.37,0.0067929801476972,0.1078352167908348,0.1235,0.05355,0.0002125,4604.763016711593,4603.976983288407,1077.8152983859995,1019.6131995964998,4.0375,0.85
2023-12-11,4622.44,0.0066429201005507,0.1054530873919765,0.1263,0.053525,0.0002124007936507,4622.825843160282,4622.0541568397175,1152.616512426481,1038.4728037018583,8.0731150793633,1.6996031746028
2023-12-12,4643.7,0.0064996784107066,0.1031791960597513,0.1207,0.05355,0.0002125,4644.079259579257,4643.320740420742,1241.32526011732,1060.8093656245678,12.1106150793633,2.5496031746028
2023-12-13,4707.09,0.0064070607177643,0.1017089357645724,0.1219,0.053525,0.0002124007936507,4707.468958718078,4706.711041281922,1513.742725640593,1129.0730326006244,16.1462301587266,3.3992063492056
2023-12-18,4740.56,0.0071424256402308,0.1133824920109324,0.1256,0.053525,0.0002124007936507,4740.985457075428,4740.134542924573,1655.471208035277,1164.6644537945333,20.1818452380899,4.2488095238084
2023-12-19,4768.37,0.0069755322635818,0.1107331417904696,0.1253,0.053525,0.0002124007936507,4768.787953254115,4767.952046745885,1772.7512283386582,1194.1437594656165,24.2174603174532,5.0984126984112
2023-12-20,4698.35,0.0069139068212366,0.1097548682211919,0.1367,0.0537,0.0002130952380952,4698.758177742696,4697.941822257305,1463.3790180640744,1116.960528325542,28.266269841261998,5.950793650792
2023-12-21,4746.75,0.0083004641652811,0.1317657836864229,0.1365,0.053675,0.000212996031746,4747.24508402917,4746.25491597083,1670.0315760173432,1168.7834148376687,32.313194444436,6.802777777776
2023-12-22,4754.63,0.0084837272192864,0.1346749944788494,0.1303,0.053675,0.000212996031746,4755.136854814964,4754.123145185036,1700.2989893429105,1176.51001519287,36.36011904761,7.65476190476
2023-12-26,4774.75,0.0081154821111015,0.128829284612209,0.1299,0.0536249999999999,0.0002127976190476,4775.2369060448855,4774.2630939551145,1784.0886860587173,1197.6170375861075,40.403273809514396,8.5059523809504
2023-12-27,4781.58,0.0078466144349949,0.1245611425728373,0.1243,0.053575,0.0002125992063492,4782.051448202139,4781.108551797861,1809.9032043859474,1204.230116572677,44.4426587301492,9.3563492063472
2023-12-28,4783.35,0.007528087517565,0.1195046845164407,0.1247,0.0536249999999999,0.0002127976190476,4783.802477637002,4782.897522362999,1813.6619754253234,1205.3294075468066,48.485813492053595,10.2075396825376
2023-12-29,4769.83,0.0072350311858335,0.114852559473074,0.1245,0.053575,0.0002125992063492,4770.263634337887,4769.396365662113,1750.742346824624,1189.7589498013938,52.5251984126884,11.0579365079344
2024-01-02,4742.83,0.0070605207633138,0.1120822923980186,0.132,0.0536249999999999,0.0002127976190476,4743.250779611531,4742.409220388469,1629.0048548184784,1159.484175014143,56.568353174592794,11.9091269841248
2024-01-03,4704.81,0.007109417675313,0.1128585068121913,0.1404,0.053675,0.000212996031746,4705.230297208085,4704.389702791916,1459.1500286940463,1117.1802155068444,60.61527777776679,12.7611111111088
2024-01-04,4688.68,0.0074025836523282,0.1175123724204773,0.1413,0.0536499999999999,0.0002128968253968,4689.116128273581,4688.2438717264195,1384.690987558492,1098.7251278420033,64.66031746030599,13.612698412696
2024-01-05,4697.24,0.0072447605789825,0.1150070088011524,0.1335,0.0536499999999999,0.0002128968253968,4697.667609302818,4696.812390697181,1418.0143375741932,1107.2156379649764,68.70535714284519,14.4642857142832
2024-01-08,4763.54,0.0069816099890181,0.1108296226907189,0.1308,0.0536499999999999,0.0002128968253968,4763.957893691211,4763.122106308789,1703.154313669673,1178.6603046078937,72.75039682538439,15.3158730158704
2024-01-09,4756.5,0.0079221442513881,0.1257601412373185,0.1276,0.0536499999999999,0.0002128968253968,4756.973489640229,4756.026510359771,1668.1644869744764,1170.0725205531423,76.79543650792358,16.1674603174576
2024-01-10,4783.45,0.0076296623156934,0.1211171344483561,0.1268999999999999,0.0536249999999999,0.0002127976190476,4783.908592384092,4782.9914076159075,1781.7186430522436,1198.62065778687,80.83859126982799,17.018650793648
2024-01-11,4780.24,0.0074841741558241,0.1188075815100449,0.1244,0.0536249999999999,0.0002127976190476,4780.689545749345,4779.790454250655,1763.715727780173,1194.2795271831378,84.88174603173239,17.8698412698384
2024-01-12,4783.83,0.0072088665656463,0.1144372090040905,0.127,0.0535999999999999,0.0002126984126984,4784.263334321373,4783.396665678627,1775.4015998679274,1197.3605190146004,88.92301587300199,18.720634920632
2024-01-16,4765.98,0.0069416187625455,0.110194781651493,0.1384,0.0535999999999999,0.0002126984126984,4766.395712799076,4765.564287200923,1693.5910830336616,1177.0674136155576,92.96428571427158,19.571428571425603
2024-01-17,4739.21,0.0068509681324166,0.1087557475104182,0.1479,0.0536249999999999,0.0002127976190476,4739.617979503397,4738.802020496603,1572.8343147724179,1147.0378197645323,97.00744047617599,20.422619047616003
2024-01-18,4780.94,0.0069225399445894,0.1098919148057674,0.1413,0.0536249999999999,0.0002127976190476,4781.355871530804,4780.524128469196,1750.7465241839393,1191.6754703316985,101.05059523808039,21.273809523806403
2024-01-19,4839.81,0.0071371938593121,0.113299440063584,0.133,0.0536499999999999,0.0002128968253968,4840.24404642656,4839.375953573441,2003.3617010980336,1254.9889371792697,105.09563492061959,22.1253968253936
2024-01-22,4850.43,0.0077664561072646,0.1232886685687257,0.1319,0.0536499999999999,0.0002128968253968,4850.903351102501,4849.9566488975,2045.4604054507174,1265.6732858864882,109.14067460315879,22.976984126980803
2024-01-23,4864.6,0.0074647032691112,0.1184984907657561,0.1255,0.0536249999999999,0.0002127976190476,4865.056288997563,4864.143711002438,2103.2888141666413,1280.2899862797549,113.18382936506319,23.828174603171203
2024-01-24,4868.55,0.0072061654498427,0.1143943301200187,0.1314,0.0536499999999999,0.0002128968253968,4868.990843283391,4868.1091567166095,2116.5375823498503,1283.7618509446047,117.22886904760239,24.6797619047584
2024-01-25,4894.16,0.0069391159721639,0.1101550510858921,0.1344999999999999,0.0536249999999999,0.0002127976190476,4894.586739390267,4893.7332606097325,2224.2443698141083,1310.848146024955,121.27202380950679,25.5309523809488
2024-01-26,4890.97,0.0068400498707977,0.1085824254804622,0.1326,0.0535999999999999,0.0002126984126984,4891.39037290263,4890.549627097371,2206.318873521073,1306.52629576122,125.31329365077639,26.381746031742402
2024-01-29,4927.93,0.0066213784136524,0.1051111237138541,0.136,0.053575,0.0002125992063492,4928.340009047823,4927.519990952178,2363.5118986034154,1345.9840014365675,129.3526785714112,27.232142857139202
2024-01-30,4924.97,0.0067479886598724,0.1071209990634396,0.1331,0.0535999999999999,0.0002126984126984,4925.387597993031,4924.55240200697,2346.528599859936,1341.8977005602214,133.3939484126808,28.082936507932803
2024-01-31,4845.65,0.0065365913606583,0.1037651709741315,0.1435,0.05355,0.0002125,4846.048000760423,4845.251999239576,1996.6520623376941,1254.5879411796611,137.4314484126808,28.932936507932805
2024-02-01,4906.19,0.0083155329451354,0.1320049931507576,0.1388,0.05355,0.0002125,4906.702642521097,4905.677357478902,2256.137154987346,1319.6185893420738,141.4689484126808,29.782936507932806
2024-02-02,4958.61,0.0087607649177684,0.1390728316026871,0.1384999999999999,0.05355,0.0002125,4959.155861038189,4958.06413896181,2480.565002636078,1375.884926254257,145.50644841268078,30.632936507932808
2024-02-05,4942.81,0.0089226434766506,0.1416425740590621,0.1367,0.05355,0.0002125,4943.364175799495,4942.255824200506,2407.5854522667437,1357.7994136619234,149.54394841268078,31.48293650793281
2024-02-06,4954.23,0.0086094893166967,0.1366714058834813,0.1306,0.053525,0.0002124007936507,4954.765961621256,4953.694038378743,2453.4333288762946,1369.4206834095492,153.5795634920441,32.33253968253561
2024-02-07,4995.06,0.0082403720710191,0.1308118512633532,0.1283,0.05355,0.0002125,4995.577210955629,4994.542789044372,2627.5423719099413,1413.1073191679607,157.61706349204408,33.18253968253561
2024-02-08,4997.91,0.0082259709509219,0.1305832405690854,0.1278999999999999,0.05355,0.0002125,4998.426601650816,4997.393398349183,2635.9367378768748,1415.365285659694,161.65456349204408,34.032539682535614
2024-02-09,5026.61,0.0078744403773852,0.1250028657142025,0.1293,0.05355,0.0002125,5027.10736489613,5026.112635103869,2757.147444077637,1445.8273372098845,165.69206349204407,34.882539682535615
2024-02-12,5021.84,0.0077088613229738,0.1223743797124396,0.1393,0.05355,0.0002125,5022.326444583413,5021.353555416587,2732.3549985653294,1439.7886008318078,169.72956349204406,35.73253968253562
2024-02-13,4953.17,0.0074204106684144,0.1177953675275714,0.1585,0.05355,0.0002125,4953.631839946697,4952.708160053303,2428.946289412612,1364.0957985436285,173.76706349204406,36.58253968253562
2024-02-14,5000.62,0.0084966204800609,0.1348796686484375,0.1438,0.053525,0.0002124007936507,5001.153888078732,5000.086111921268,2631.531885600656,1414.9014981858775,177.80267857140737,37.432142857138416
2024-02-15,5029.73,0.0085776765654988,0.1361663941143402,0.1401,0.05355,0.0002125,5030.272118813434,5029.187881186565,2754.410864227209,1445.7806178425155,181.84017857140736,38.28214285713842
2024-02-16,5005.57,0.0083477817682726,0.1325169273473312,0.1424,0.05355,0.0002125,5006.095054997108,5005.044945002892,2645.0829808074195,1418.6080219875682,185.87767857140736,39.13214285713842
2024-02-20,4975.51,0.0081824699521341,0.1298926836216328,0.1542,0.053525,0.0002124007936507,4976.0215666392905,4974.99843336071,2510.0107466870018,1384.9992640527018,189.91329365077067,39.98174603174122
2024-02-21,4981.8,0.0081274872270843,0.1290198599203156,0.1534,0.05355,0.0002125,4982.308771511247,4981.291228488753,2533.4169182757933,1391.0101819498998,193.95079365077066,40.83174603174122
2024-02-22,5087.03,0.0077847876769985,0.1235796732166706,0.1454,0.05355,0.0002125,5087.5276125504115,5086.532387449588,2988.349358560962,1504.902667021192,197.98829365077066,41.68174603174122
2024-02-23,5088.8,0.0098038599133719,0.1556314513157844,0.1375,0.05355,0.0002125,5089.426891662945,5088.173108337055,2991.4672488586466,1505.841514595613,202.02579365077065,42.53174603174122
2024-02-26,5069.53,0.0093304911908316,0.148116955806117,0.1374,0.05355,0.0002125,5070.124363678625,5068.935636321375,2903.532712096059,1484.0172554049661,206.06329365077065,43.38174603174122
2024-02-27,5078.18,0.0090107799001735,0.143041696407592,0.1343,0.05355,0.0002125,5078.754977118928,5077.605022881073,2937.3034980452326,1492.6193268922596,210.10079365077064,44.231746031741224
2024-02-28,5069.76,0.0086013405088606,0.136542047569387,0.1384,0.053525,0.0002124007936507,5070.307940848889,5069.212059151111,2896.665111768817,1482.619030918394,214.13640873013395,45.08134920634402
2024-02-29,5096.27,0.00825675223217,0.1310718782603967,0.134,0.053525,0.0002124007936507,5096.798739630772,5095.741260369229,3008.3266822689493,1510.6937241386647,218.17202380949726,45.93095238094682
2024-03-01,5137.08,0.0080236383435248,0.127371310001334,0.1311,0.053525,0.0002124007936507,5137.597926210966,5136.562073789034,3182.3157723779073,1554.3502972611423,222.20763888886057,46.78055555554962
2024-03-04,5130.95,0.0080142130336616,0.1272216878457675,0.1349,0.05355,0.0002125,5131.466700501543,5130.433299498457,3151.5499163056006,1546.8182082430658,226.24513888886057,47.63055555554962
2024-03-05,5078.65,0.0077058411900597,0.1223264365887369,0.1446,0.053525,0.0002124007936507,5079.1417547975425,5078.158245202457,2919.5362099020244,1488.9740822374097,230.28075396822388,48.48015873015242
2024-03-06,5104.76,0.0081824909076724,0.1298930162804906,0.145,0.05355,0.0002125,5105.284857071586,5104.2351429284145,3029.223343023552,1516.5552405177916,234.31825396822387,49.33015873015242
2024-03-07,5157.36,0.0079516257850614,0.1262281460755286,0.1444,0.053525,0.0002124007936507,5157.875304111915,5156.844695888084,3254.624610041952,1573.0648578676296,238.35386904758718,50.17976190475522
2024-03-08,5123.69,0.0081847105616803,0.1299282521954993,0.1474,0.053525,0.0002124007936507,5124.2169463053215,5123.163053694678,3103.699114056135,1535.4927844664132,242.3894841269505,51.029365079358016
2024-03-11,5117.94,0.0081753725313792,0.129780015560029,0.1522,0.05355,0.0002125,5118.4657544238835,5117.414245576116,3074.5903382839892,1528.374965523377,246.4269841269505,51.87936507935802
2024-03-12,5175.27,0.0078516146424325,0.1246405184051398,0.1384,0.05355,0.0002125,5175.780589914454,5174.759410085547,3320.6423183925426,1590.047335550515,250.46448412695048,52.72936507935802
2024-03-13,5165.31,0.0082068691860477,0.1302800094523285,0.1375,0.05355,0.0002125,5165.842664914529,5164.777335085471,3273.0717329348686,1578.3140641860969,254.50198412695048,53.57936507935802
2024-03-18,5149.42,0.0076681762369893,0.121728523994933,0.1433,0.05355,0.0002125,5149.916170198079,5148.923829801921,3199.895101010166,1560.1792812049212,258.53948412695047,54.42936507935802
2024-03-19,5178.51,0.0073691292297609,0.1169812999262662,0.1382,0.053525,0.0002124007936507,5178.989514032179,5178.030485967822,3322.79727694597,1591.06412578411,262.5750992063138,55.27896825396082
2024-03-20,5224.62,0.0072496925173714,0.1150853008959033,0.1304,0.05325,0.0002113095238095,5225.0959426689815,5224.144057331018,3519.88948473991,1640.4956598754522,266.5899801586943,56.12420634919882
2024-03-21,5241.53,0.0074280756679737,0.1179170456233713,0.1292,0.0532999999999999,0.0002115079365079,5242.0192318324425,5241.040768167557,3589.559516589407,1658.0717987902076,270.6086309523444,56.97023809523042
2024-03-22,5234.18,0.0071826492611514,0.1140210221976518,0.1306,0.05325,0.0002113095238095,5234.65240411629,5233.70759588371,3553.563748325908,1649.2313388671898,274.6235119047249,57.815476190468424
2024-03-25,5218.19,0.0069532699419925,0.1103797383912771,0.1319,0.0532999999999999,0.0002115079365079,5218.645920782728,5217.734079217271,3479.8825808616816,1630.969677953514,278.64216269837505,58.66150793650002
2024-03-26,5203.58,0.0068194947895682,0.10825612368179,0.1324,0.05325,0.0002113095238095,5204.025897337757,5203.134102662243,3412.1953645436324,1614.206356016859,282.65704365075555,59.506746031738025
2024-03-27,5248.49,0.0066852198694682,0.1061245754064035,0.1278,0.05325,0.0002113095238095,5248.930890300722,5248.049109699277,3604.060482455263,1662.3311176376237,286.67192460313606,60.35198412697603
2024-03-28,5254.35,0.0069155959878186,0.1097816829093848,0.1301,0.053275,0.0002114087301587,5254.806592771273,5253.8934072287275,3625.531433693941,1667.8574119949121,290.68869047615135,61.19761904761083
2024-04-01,5243.77,0.0066745120681436,0.1059545943300455,0.1365,0.0533249999999999,0.0002116071428571,5244.209788265818,5243.330211734183,3575.443472903541,1655.494127154455,294.70922619043625,62.044047619039226
2024-04-02,5205.81,0.0065162411265639,0.1034421210229176,0.1461,0.0532999999999999,0.0002115079365079,5206.236251560715,5205.383748439286,3405.9355195930543,1613.2757697792144,298.7278769840864,62.890079365070825
2024-04-03,5211.49,0.0068086563377888,0.1080840685937589,0.1433,0.0532999999999999,0.0002115079365079,5211.935865396839,5211.04413460316,3426.602525298029,1618.601152157839,302.7465277777365,63.736111111102424
2024-04-04,5147.21,0.0065769390815957,0.1044056711875434,0.1635,0.05325,0.0002113095238095,5147.6353791612955,5146.7846208387045,3142.343816869346,1547.6949571935254,306.761408730117,64.58134920634042
2024-04-05,5204.34,0.0076174783113575,0.1209237193756819,0.1603,0.0533249999999999,0.0002116071428571,5204.838146594743,5203.841853405257,3387.1570538204996,1609.0569717884566,310.7819444444019,65.42777777776882
2024-04-08,5202.39,0.0079973216820473,0.1269535459516923,0.1519,0.053375,0.0002118055555555,5202.912790501793,5201.867209498208,3374.5210776500267,1606.056831912505,314.80624999995644,66.27499999999083
2024-04-09,5209.91,0.0076732696682976,0.1218093797103035,0.1498,0.0533499999999999,0.0002117063492063,5210.412332123151,5209.407667876849,3403.3835450754495,1613.4312285307653,318.8286706348761,67.12182539681602
2024-04-10,5160.64,0.0073692943404599,0.1169839209773562,0.158,0.053425,0.0002120039682539,5161.117870029557,5160.162129970444,3184.58948063602,1558.8917153970983,322.8567460317002,67.96984126983162
2024-04-11,5199.06,0.0078037538779694,0.1238807523231778,0.1491,0.0534,0.0002119047619047,5199.5698103420855,5198.550189657915,3347.978450125707,1599.8978863409486,326.8829365078895,68.81746031745043
2024-04-12,5123.41,0.0077715310638683,0.1233692310072538,0.1730999999999999,0.0534,0.0002119047619047,5123.910317797869,5122.909682202131,3014.0744862297006,1516.5808239383755,330.9091269840788,69.66507936506923
2024-04-15,5061.82,0.0089196154550192,0.1415945057058551,0.1923,0.0534,0.0002119047619047,5062.3873263125715,5061.252673687428,2741.1543212326987,1448.5097112605538,334.9353174602681,70.51269841268804
2024-04-16,5051.41,0.0094416389956457,0.1498813725079691,0.184,0.053425,0.0002120039682539,5052.009294174073,5050.810705825927,2691.587509725638,1436.277011359979,338.9633928570922,71.36071428570364
2024-04-17,5022.21,0.0090404650135819,0.1435129329739078,0.1821,0.0534,0.0002119047619047,5022.780513233936,5021.639486766064,2560.3419613275787,1403.6245528318927,342.9895833332815,72.20833333332244
2024-04-18,5011.12,0.0088744379040003,0.140877334316821,0.18,0.053425,0.0002120039682539,5011.678799180997,5010.561200819003,2508.0000865599513,1390.6980871161763,347.01765873010555,73.05634920633804
2024-04-19,4967.23,0.0085251142432755,0.13533199311673,0.1871,0.0534,0.0002119047619047,4967.762101669734,4966.697898330265,2312.680513126451,1342.0271223292295,351.04384920629485,73.90396825395685
2024-04-22,5010.6,0.0086982540094897,0.1380805016974827,0.1694,0.053425,0.0002120039682539,5011.1476485517815,5010.052351448219,2497.7266645352124,1388.4476631576104,355.07192460311893,74.75198412697245
2024-04-23,5070.55,0.0086736913682576,0.1376905818560238,0.1568999999999999,0.053425,0.0002120039682539,5071.102635985247,5069.997364014754,2755.1263338508434,1452.9565834627085,359.099999999943,75.59999999998804
2024-04-24,5071.63,0.0089956008556755,0.1428007365463033,0.1597,0.0534499999999999,0.0002121031746031,5072.203268170906,5071.056731829094,2755.71640990783,1453.2631798579075,363.1299603174019,76.44841269840045
2024-04-25,5048.42,0.0085849390074571,0.1362816818063364,0.1537,0.053425,0.0002120039682539,5048.964593971969,5047.875406028031,2650.59165500176,1427.1409941075804,367.158035714226,77.29642857141604
2024-04-26,5099.96,0.0083806204328869,0.1330382249870726,0.1503,0.053425,0.0002120039682539,5100.497060367596,5099.422939632404,2871.368861624414,1482.4942987394345,371.1861111110501,78.14444444443164
2024-04-29,5116.17,0.0085427583974306,0.1356120853806618,0.1467,0.0534499999999999,0.0002121031746031,5116.719190775182,5115.620809224818,2937.9798493256258,1499.3061230456897,375.216071428509,78.99285714284404
2024-04-30,5035.69,0.0081993269192889,0.1301602796793351,0.1565,0.0534499999999999,0.0002121031746031,5036.2088207991965,5035.171179200803,2583.098926773635,1410.7449697886443,379.2460317459679,79.84126984125645
2024-05-01,5018.39,0.0094564148332945,0.1501159316589577,0.1539,0.0534499999999999,0.0002121031746031,5018.986308457129,5017.793691542872,2503.283555582518,1390.9502043718173,383.2759920634268,80.68968253966885
2024-05-02,5064.2,0.0091084066300505,0.1445914726989939,0.1467999999999999,0.0534499999999999,0.0002121031746031,5064.779606621089,5063.62039337891,2699.109609896941,1440.0657953313755,387.30595238088574,81.53809523808125
2024-05-03,5127.79,0.009071678839754,0.1440084371030177,0.1349,0.0534499999999999,0.0002121031746031,5128.374518121527,5127.205481878473,2972.3822235898274,1508.5430261355493,391.33591269834466,82.38650793649366
2024-05-06,5180.74,0.0094056099144613,0.1493094285752888,0.1349,0.0534499999999999,0.0002121031746031,5181.352292315923,5180.127707684077,3199.15275100546,1565.3947353704098,395.3658730158036,83.23492063490606
2024-05-07,5187.7,0.0094466530392344,0.1499609679823613,0.1323,0.0534749999999999,0.0002122023809523,5188.315790327965,5187.084209672034,3225.4590865089394,1572.130471031994,399.39771825389727,84.08373015871526
2024-05-08,5187.67,0.0090006544198999,0.1428809593913377,0.13,0.0534749999999999,0.0002122023809523,5188.256714091577,5187.083285908423,3221.4232126214683,1571.2806543458403,403.42956349199096,84.93253968252445
2024-05-09,5214.08,0.0085914239282835,0.1363846267330079,0.1268999999999999,0.0534499999999999,0.0002121031746031,5214.6428892779895,5213.51711072201,3332.674489378905,1599.252550916152,407.4595238094499,85.78095238093685
2024-05-10,5222.68,0.0083199664222763,0.1320753724185063,0.1255,0.0534749999999999,0.0002122023809523,5223.226003168495,5222.133996831506,3366.2219690187435,1607.7985726118256,411.49136904754357,86.62976190474605
2024-05-13,5221.42,0.0079647785648693,0.1264369399820528,0.136,0.0534749999999999,0.0002122023809523,5221.942567695301,5220.8974323047,3356.797310240481,1605.6015597029743,415.52321428563727,87.47857142855524
2024-05-14,5246.68,0.0076414544581388,0.121304328906368,0.1341999999999999,0.0534749999999999,0.0002122023809523,5247.183779955063,5246.1762200449375,3463.009440022998,1632.313743934318,419.55505952373096,88.32738095236444
2024-05-15,5308.15,0.0074460345179647,0.1182021335288241,0.1245,0.0534749999999999,0.0002122023809523,5308.646647832908,5307.653352167092,3727.087105717876,1698.4923121437516,423.58690476182466,89.17619047617363
2024-05-16,5297.1,0.0079352301212117,0.1259678729807707,0.1242,0.0534749999999999,0.0002122023809523,5297.628175103554,5296.571824896447,3674.727325288864,1685.5615188222127,427.61874999991835,90.02499999998282
2024-05-17,5303.27,0.0076621865186853,0.121633440164599,0.1199,0.0534999999999999,0.0002123015873015,5303.780595205346,5302.759404794655,3697.678409858822,1691.4585161551784,431.6524801586468,90.87420634918882
2024-05-20,5308.13,0.0073572952372651,0.1167934411193015,0.1215,0.0534999999999999,0.0002123015873015,5308.6207271256935,5307.639272874307,3714.9263985944162,1695.929739529553,435.6862103173753,91.72341269839482
2024-05-21,5321.41,0.0070773649953067,0.1123496862912925,0.1186,0.0534749999999999,0.0002122023809523,5321.883237011468,5320.936762988532,3768.8865814176993,1709.578937021088,439.718055555469,92.57222222220402
2024-05-22,5307.01,0.0068420811677349,0.1086146713196709,0.1229,0.0534999999999999,0.0002123015873015,5307.4662664871985,5306.553733512802,3702.1266494119136,1693.0481802101178,443.75178571419747,93.42142857141002
2024-05-23,5267.84,0.0067004800377166,0.1063668230673052,0.1277,0.0534999999999999,0.0002123015873015,5268.283525885878,5267.396474114123,3527.323182532299,1649.5065396806904,447.78551587292594,94.27063492061602
2024-05-24,5304.72,0.0069809430692789,0.1108190356680725,0.1193,0.0534999999999999,0.0002123015873015,5305.185325627804,5304.254674372197,3684.032702813854,1688.8431459415551,451.8192460316544,95.11984126982202
2024-05-28,5306.04,0.0070092442167258,0.1112683024558463,0.1292,0.053525,0.0002124007936507,5306.507328337324,5305.572671662676,3685.745039806478,1689.430530784949,455.8548611110177,95.96944444442482
2024-05-29,5266.95,0.0067616997163042,0.1073386553366219,0.1427999999999999,0.0534999999999999,0.0002123015873015,5267.397502574962,5266.502497425037,3511.321362275034,1645.983837592564,459.8885912697462,96.81865079363082
2024-05-30,5235.48,0.007031079426144,0.1116149256595195,0.1447,0.0534999999999999,0.0002123015873015,5235.942550236912,5235.017449763087,3369.977376433366,1610.8070673226234,463.9223214284747,97.66785714283682
2024-05-31,5277.51,0.0071133444891927,0.112920843050015,0.1292,0.0534999999999999,0.0002123015873015,5277.9817189108435,5277.038281089157,3549.2017805910496,1655.7723945525204,467.95605158720315,98.51706349204282
2024-06-03,5283.4,0.0072201507292599,0.1146163395481411,0.1311,0.0534999999999999,0.0002123015873015,5283.879336073523,5282.920663926477,3570.8218623651965,1661.3366411865334,471.9897817459316,99.36626984124882
2024-06-04,5291.34,0.0069525232958674,0.1103678857514911,0.1316,0.053525,0.0002124007936507,5291.802262366898,5290.877737633103,3601.488047228325,1669.1624879975534,476.02539682529493,100.21587301585163
2024-06-05,5354.03,0.006710995769252,0.1065337551302856,0.1263,0.053525,0.0002124007936507,5354.481490110612,5353.5785098893875,3870.8983917189303,1736.6743747154428,480.06101190465824,101.06547619045443
2024-06-06,5352.96,0.0073548729658911,0.11675498875332,0.1258,0.053525,0.0002124007936507,5353.454708651705,5352.465291348295,3862.0078904678962,1734.6110499979222,484.09662698402155,101.91507936505724
2024-06-07,5346.99,0.0070824352058944,0.1124301733891507,0.1222,0.05355,0.0002125,5347.465852516847,5346.514147483153,3832.016703038158,1727.2726281404875,488.1341269840216,102.76507936505723
2024-06-10,5360.79,0.0068534967884451,0.1087958886804347,0.1274,0.05355,0.0002125,5361.25165915263,5360.32834084737,3888.2246390070086,1741.4839871327003,492.1716269840216,103.61507936505723
2024-06-11,5375.32,0.0066405373058802,0.1054152616992353,0.1285,0.053525,0.0002124007936507,5375.768526430005,5374.871473569994,3947.6134561856197,1756.490492022591,496.2072420633849,104.46468253966003
2024-06-12,5421.03,0.006450966461695,0.1024059178419796,0.1204,0.053525,0.0002124007936507,5421.4694274093345,5420.590572590665,4142.964586317016,1805.4875751506784,500.2428571427482,105.31428571426284
2024-06-13,5433.74,0.0067024982150918,0.1063988606399241,0.1193999999999999,0.053525,0.0002124007936507,5434.197631636296,5433.282368363703,4194.279490042096,1818.4756016771862,504.27847222211153,106.16388888886564
2024-06-14,5431.6,0.0064975485680575,0.1031453858558654,0.1266,0.053525,0.0002124007936507,5432.043463467642,5431.156536532359,4180.972854780868,1815.3082434571172,508.31408730147484,107.01349206346845
2024-06-17,5473.23,0.0063050255788753,0.1000891781496319,0.1275,0.05355,0.0002125,5473.663621836218,5472.796378163781,4358.531945086093,1859.8573910334237,512.3515873014749,107.86349206346844
2024-06-18,5487.03,0.0064870027790106,0.1029779766446817,0.123,0.053525,0.0002124007936507,5487.477261953349,5486.582738046651,4414.620380660195,1874.038800522187,516.3872023808382,108.71309523807125
2024-06-20,5473.17,0.0063066403262238,0.1001148114691167,0.1328,0.053575,0.0002125992063492,5473.603728134405,5472.736271865595,4350.194813954496,1858.0918582505242,520.426587301473,109.56349206346805
2024-06-24,5447.87,0.0062110140147513,0.0985967908354142,0.1333,0.05355,0.0002125,5448.295177101951,5447.444822898049,4235.858121728003,1829.667060193901,524.464087301473,110.41349206346804
2024-06-25,5469.3,0.0062749952993044,0.0996124622403534,0.1284,0.053525,0.0002124007936507,5469.731246667253,5468.8687533327475,4325.25496377263,1852.1755713002956,528.4997023808363,111.26309523807085
2024-06-26,5477.9,0.0061700054833097,0.0979458005804554,0.1255,0.05355,0.0002125,5478.324698068548,5477.475301931451,4358.75170546488,1860.709131723358,532.5372023808363,112.11309523807084
2024-06-27,5482.87,0.0060009197421308,0.0952616476520159,0.1224,0.0534999999999999,0.0002123015873015,5483.2834342576925,5482.456565742307,4376.441893746313,1865.2909049841926,536.5709325395649,112.96230158727684
2024-06-28,5460.48,0.0058433230231304,0.0927598772965276,0.1244,0.0534749999999999,0.0002122023809523,5460.880932688958,5460.079067311041,4274.8189613314635,1840.0443236661945,540.6027777776586,113.81111111108603
2024-07-01,5475.09,0.0059088145028164,0.0937995223059849,0.1222,0.0534999999999999,0.0002123015873015,5475.496511040825,5474.6834889591755,4334.476952148919,1855.1180475610345,544.6365079363871,114.66031746029203
2024-07-02,5509.01,0.0057897541226812,0.0919094973649527,0.1202999999999999,0.0534999999999999,0.0002123015873015,5509.410787764265,5508.609212235736,4478.397571221261,1891.2574285195963,548.6702380951157,115.50952380949803
2024-07-03,5537.02,0.0059009554849159,0.093674764264501,0.1209,0.0534749999999999,0.0002122023809523,5537.430562386734,5536.609437613267,4596.47823307062,1920.9367457676503,552.7020833332094,116.35833333330723
2024-07-05,5567.19,0.0059079596258622,0.0937859515550508,0.1248,0.0534749999999999,0.0002122023809523,5567.603289420488,5566.776710579511,4724.009662207301,1952.9787548375346,556.7339285713032,117.20714285711642
2024-07-08,5572.85,0.0059412206414622,0.0943139538088359,0.1236999999999999,0.0534999999999999,0.0002123015873015,5573.266038718026,5572.433961281975,4744.647914405346,1958.2975440775222,560.7676587300317,118.05634920632242
2024-07-09,5576.98,0.0057896569902837,0.0919079554359443,0.1251,0.053525,0.0002124007936507,5577.385725865821,5576.574274134178,4758.668724790138,1961.9620472689578,564.803273809395,118.90595238092523
2024-07-10,5633.91,0.0056526369881814,0.0897328303347201,0.1285,0.053525,0.0002124007936507,5634.310167516587,5633.5098324834125,5002.936245800103,2023.1882281166875,568.8388888887583,119.75555555552803
2024-07-11,5584.54,0.0062680212929103,0.0995017533209892,0.1292,0.053525,0.0002124007936507,5584.9798437979,5584.1001562021,4783.418813566076,1968.4681706534184,572.8745039681216,120.60515873013084
2024-07-12,5615.35,0.006803351221892,0.1079998524897222,0.1246,0.053575,0.0002125992063492,5615.830043039891,5614.869956960109,4913.570402556567,2001.1655173058034,576.9138888887564,121.45555555552764
2024-07-15,5631.22,0.0067362448201361,0.1069345713871637,0.1311999999999999,0.0536249999999999,0.0002127976190476,5631.696651353243,5630.743348646757,4978.7531068262515,2017.6207915875102,580.9570436506608,122.30674603171803
2024-07-16,5667.2,0.0065411378068181,0.1038373435694596,0.1319,0.0536249999999999,0.0002127976190476,5667.665803088324,5666.734196911676,5131.670571294224,2056.009755918789,585.0001984125652,123.15793650790843
2024-07-17,5588.27,0.006571526377618,0.1043197471756713,0.1448,0.053675,0.000212996031746,5588.731449473632,5587.808550526369,4783.4189689193645,1969.1066023488836,589.0471230157392,124.00992063489242
2024-07-18,5544.59,0.0079054516990985,0.1254951551846863,0.1593,0.053675,0.000212996031746,5545.140777720331,5544.039222279669,4588.488494856365,1920.5337308569433,593.0940476189132,124.86190476187642
2024-07-19,5505.0,0.0080599562882386,0.1279478395003837,0.1651999999999999,0.0537,0.0002130952380952,5505.557532544945,5504.442467455055,4411.753253742582,1876.509742007069,597.142857142722,125.71428571425722
2024-07-22,5564.41,0.0081239905482971,0.1289643518654007,0.1491,0.0537,0.0002130952380952,5564.97802668174,5563.84197331826,4666.753165538439,1940.4195413846046,601.1916666665309,126.56666666663801
2024-07-23,5555.74,0.0083881965886945,0.1331584927320372,0.1472,0.0537,0.0002130952380952,5556.325585993831,5555.154414006169,4624.8168164049775,1930.0952755298104,605.2404761903397,127.41904761901881
2024-07-24,5427.13,0.0080584512044388,0.1279239470357641,0.1804,0.0537,0.0002130952380952,5427.679543428922,5426.580456571078,4060.040795694027,1789.0610917806443,609.2892857141485,128.2714285713996
2024-07-25,5399.22,0.0108795575165584,0.1727076213794235,0.1846,0.0537,0.0002130952380952,5399.958111878604,5398.481888121397,3933.450592567282,1757.5733624275294,613.3380952379573,129.1238095237804
2024-07-26,5459.1,0.010496975261505,0.1666343163620371,0.1639,0.0537,0.0002130952380952,5459.820054198204,5458.379945801797,4190.624751587572,1822.0267236111733,617.3869047617661,129.9761904761612
2024-07-29,5463.54,0.010480495107405,0.1663727020261375,0.166,0.0537,0.0002130952380952,5464.259508437333,5462.820491562667,4205.941721031083,1826.0157874006225,621.4357142855749,130.828571428542
2024-07-30,5436.44,0.0099555939647654,0.158040154708229,0.1769,0.053675,0.000212996031746,5437.120082780127,5435.7599172198725,4083.880225771037,1795.6601606094205,625.482638888749,131.680555555526
2024-07-31,5522.3,0.009645194264977,0.1531127122322147,0.1636,0.053725,0.0002131944444444,5522.9692848674395,5521.630715132561,4454.322889052666,1888.4307222631612,629.5333333331926,132.5333333333036
2024-08-01,5446.68,0.0103136609961669,0.1637242926149062,0.1859,0.053675,0.000212996031746,5447.385869942429,5445.9741300575715,4120.328074508731,1805.0917656509869,633.5802579363666,133.3853174602876
2024-08-02,5346.56,0.0108352067431454,0.172003574677998,0.2339,0.05355,0.0002125,5347.2879332998245,5345.832066700176,3679.558431941942,1695.0587300092895,637.6177579363666,134.2353174602876
2024-08-05,5186.33,0.0119707727589146,0.1900301263281277,0.3857,0.053525,0.0002124007936507,5187.110121435728,5185.549878564272,2976.5120206693414,1519.4564277863774,641.6533730157299,135.0849206348904
2024-08-06,5240.03,0.0150398451587672,0.2387501402821021,0.2771,0.0536249999999999,0.0002127976190476,5241.020277498861,5239.039722501138,3205.7448077535623,1576.9242227717184,645.6965277776343,135.9361111110808
2024-08-07,5199.5,0.0145084631622374,0.2303147125981323,0.2785,0.0536249999999999,0.0002127976190476,5200.4479005615885,5198.5520994384115,3025.1300328871735,1531.9301272694067,649.7396825395386,136.7873015872712
2024-08-08,5319.31,0.0139663984000683,0.2217097012669878,0.2379,0.0536499999999999,0.0002128968253968,5320.2435111936575,5318.376488806343,3543.654236796612,1661.720850865814,653.7847222220779,137.6388888888584
2024-08-09,5344.16,0.0149108990351441,0.2367031840283055,0.2037,0.0536499999999999,0.0002128968253968,5345.161297328916,5343.158702671084,3647.6875509629435,1687.8888520264445,657.8297619046172,138.49047619044558
2024-08-12,5344.39,0.0141274070456997,0.2242656342786198,0.2071,0.0536499999999999,0.0002128968253968,5345.338725117813,5343.441274882188,3644.8748442586534,1687.3453479694197,661.8748015871564,139.34206349203276
2024-08-13,5434.43,0.0133472082001846,0.2118803615681428,0.1812,0.053675,0.000212996031746,5435.3414319674675,5433.518568032533,4033.6663325586396,1784.7029670682257,665.9217261903304,140.19404761901677
2024-08-14,5455.21,0.0135817410000474,0.2156034543444911,0.1619,0.0537,0.0002130952380952,5456.140993680211,5454.279006319789,4120.156407394152,1806.485307205675,669.9705357141393,141.04642857139757
2024-08-15,5543.22,0.0128716638024506,0.2043313282854988,0.1523,0.0537,0.0002130952380952,5544.1165543942825,5542.323445605718,4500.08047920798,1901.6261465877037,674.0193452379481,141.89880952377837
2024-08-16,5554.25,0.0130884687910473,0.2077730007824491,0.148,0.0537,0.0002130952380952,5555.163469597888,5553.336530402112,4544.061118630447,1912.7811278718918,678.0681547617569,142.75119047615917
2024-08-19,5608.25,0.0123831068849947,0.1965757276561663,0.1465,0.0537,0.0002130952380952,5609.122643477397,5607.377356522603,4775.691153604288,1970.8484580439235,682.1169642855657,143.60357142853996
2024-08-20,5597.12,0.0120513704317696,0.1913095747198783,0.1588,0.0537,0.0002130952380952,5597.967580446594,5596.272419553406,4723.212316247739,1957.888570133358,686.1657738093745,144.45595238092076
2024-08-21,5620.85,0.0114476658830835,0.1817260621127854,0.1626999999999999,0.0537,0.0002130952380952,5621.658535040922,5620.041464959078,4822.823305401527,1982.951138850376,690.2145833331833,145.30833333330156
2024-08-22,5570.64,0.0109059726932463,0.1731269493095474,0.1755,0.053725,0.0002131944444444,5571.403395219575,5569.876604780426,4599.997341775769,1927.4045437772697,694.2652777776269,146.16111111107915
2024-08-23,5634.61,0.0108033374680896,0.1714976656204281,0.1586,0.0537,0.0002130952380952,5635.374894868316,5633.845105131683,4874.923213605239,1996.2958331632085,698.3140873014357,147.01349206345995
2024-08-26,5616.84,0.0107885009908997,0.1712621438465684,0.1614999999999999,0.053725,0.0002131944444444,5617.601435468448,5616.078564531553,4793.390399438505,1976.0725254548586,702.3647817458793,147.86626984123754
2024-08-27,5625.8,0.0103180393270349,0.1637937964627125,0.1543,0.053725,0.0002131944444444,5626.529392752774,5625.070607247227,4828.55513505019,1985.0236051911131,706.4154761903229,148.71904761901513
2024-08-28,5592.18,0.0098081761302447,0.1556999691344848,0.1711,0.05375,0.0002132936507936,5592.869206579216,5591.490793420785,4678.0567611035,1947.5589819425356,710.4680555554013,149.57222222218954
2024-08-29,5591.96,0.009578811699598,0.1520589216759135,0.1565,0.05375,0.0002132936507936,5592.633063018393,5591.286936981607,4673.115138149012,1946.4835464420087,714.5206349204797,150.42539682536395
2024-08-30,5648.4,0.0091252974333745,0.1448596058892301,0.15,0.053725,0.0002131944444444,5649.04766816962,5647.752331830379,4915.3171375917955,2007.1939421360385,718.5713293649233,151.27817460314154
2024-09-03,5528.93,0.0091780917105111,0.145697689056935,0.2072,0.0537,0.0002130952380952,5529.567637072377,5528.292362927624,4390.288367992004,1876.0965711646618,722.6201388887321,152.13055555552233
2024-09-04,5520.07,0.0112187007167847,0.1780913527792463,0.2132,0.0537,0.0002130952380952,5520.848156707816,5519.291843292183,4346.987159498027,1865.4310904697388,726.6689484125409,152.98293650790313
2024-09-05,5503.41,0.0106676002896801,0.1693429047140056,0.1989999999999999,0.053725,0.0002131944444444,5504.147697913644,5502.672302086356,4270.456554055602,1846.4583349424659,730.7196428569845,153.83571428568072
2024-09-06,5408.42,0.0102016045690884,0.1619454519817696,0.2238,0.0537,0.0002130952380952,5409.113296296598,5407.726703703403,3852.3380397656115,1742.0885277985396,734.7684523807933,154.68809523806152
2024-09-09,5471.05,0.0112816467533221,0.1790905901314178,0.1945,0.053725,0.0002131944444444,5471.825573739346,5470.274426260655,4121.065835890231,1809.4303726630278,738.8191468252369,155.5408730158391
2024-09-10,5495.52,0.0112201189491224,0.1781138665196477,0.1907999999999999,0.0537,0.0002130952380952,5496.294793862382,5494.745206137619,4223.7371773963205,1835.2580294681218,742.8679563490457,156.3932539682199
2024-09-11,5554.13,0.0107034946881007,0.169912710624092,0.1769,0.053725,0.0002131944444444,5554.877001696608,5553.382998303392,4475.413274964825,1898.336949693581,746.9186507934893,157.2460317459975
2024-09-12,5595.76,0.0106231855920819,0.1686378432476001,0.1707,0.0537,0.0002130952380952,5596.506953906866,5595.013046093134,4652.918343569983,1942.8730382734423,750.9674603172981,158.0984126983783
2024-09-13,5626.02,0.0103044734653176,0.1635784450841675,0.1656,0.0537,0.0002130952380952,5626.748462255165,5625.291537744836,4780.917847106642,1975.032735586178,755.0162698411069,158.9507936507591
2024-09-16,5633.09,0.0098987545813919,0.1571378574697461,0.1714,0.0537,0.0002130952380952,5633.7906598881855,5632.389340111815,4807.823447061927,1981.9189570035708,759.0650793649157,159.8031746031399
2024-09-17,5634.58,0.0094180697025618,0.1495072215795047,0.1761,0.053725,0.0002131944444444,5635.246812144515,5633.9131878554845,4810.418444424964,1982.7276021776634,763.1157738093593,160.65595238091748
2024-09-18,5618.26,0.0089744573959342,0.1424650945283179,0.1823,0.0475,0.000188492063492,5618.893563348322,5617.626436651679,4735.808523305683,1964.2164909454618,766.6971230157073,161.40992063488548
2024-09-23,5718.57,0.0096874933924485,0.1537841900640014,0.1589,0.0471999999999999,0.0001873015873015,5719.266111509822,5717.873888490178,5169.441548144434,2072.765223345626,770.2558531744359,162.15912698409147
2024-09-24,5732.93,0.0092217115703782,0.146390132865527,0.1539,0.047125,0.0001870039682539,5733.594305977725,5732.265694022276,5228.652948081079,2087.7083263059776,773.8089285712599,162.90714285710706
2024-09-25,5722.26,0.0088076081079335,0.1398164441934495,0.1541,0.047025,0.0001866071428571,5722.893294315182,5721.626705684818,5178.709445163156,2075.36240593364,777.3544642855449,163.65357142853546
2024-09-26,5745.37,0.0084521592798181,0.1341738689754337,0.1537,0.0470999999999999,0.0001869047619047,5745.980190904798,5744.7598090952015,5276.0446302810005,2099.8363807845294,780.9056547617341,164.40119047615426
2024-09-27,5738.17,0.0081456012051545,0.1293074104076824,0.1696,0.0470749999999999,0.0001868055555555,5738.75732250408,5737.5826774959205,5241.194950479599,2091.2640650008457,784.4549603172886,165.14841269837626
2024-09-30,5762.48,0.0078277028139242,0.1242609298953836,0.1673,0.0473,0.0001876984126984,5763.046792231406,5761.913207768594,5343.737185491559,2117.0403975633594,788.0212301585582,165.89920634916987
